Workbook

Sheet Country
A1: Country | B1: Sal_2025 | C1: Cost of Living | D1: Safety | E1: Healthcare | F1: Political Stability | G1: Pollution | H1: Climate | I1: English Proficiency | J1: Openness | K1: Natural Scenery | L1: Natural Disaster
A2: Switzerland | B2: 6862.91 | C2: =VLOOKUP(A2, Sheet1!A:B, 2, FALSE) -> 74.8 | D2: =VLOOKUP(A2, Safety!A:B, 2, FALSE) -> 73.5 | E2: =VLOOKUP(A2, Health!A:B, 2, FALSE) -> 71.5 | F2: =VLOOKUP(A2, Political!A:H, 8, FALSE) -> 96.447158 | G2: =VLOOKUP(A2, Pollution!A:B, 2, FALSE) -> 23.3 | H2: 2357 | I2: =VLOOKUP(A2, English!A:C, 3, FALSE) -> 550 | J2: =VLOOKUP(A2, Openness!A:C, 2, FALSE) -> 46 | K2: =VLOOKUP(A2, Scenic!A:B, 2, FALSE) -> 4 | L2: =VLOOKUP(A2, Disaster!A:H, 3, FALSE) -> 1.05
A3: Luxembourg | B3: 5379.43 | C3: =VLOOKUP(A3, Sheet1!A:B, 2, FALSE) -> 54.8 | D3: =VLOOKUP(A3, Safety!A:B, 2, FALSE) -> 65.8 | E3: =VLOOKUP(A3, Health!A:B, 2, FALSE) -> 75.2 | F3: =VLOOKUP(A3, Political!A:H, 8, FALSE) -> 96.204395 | G3: =VLOOKUP(A3, Pollution!A:B, 2, FALSE) -> 23.3 | H3: 2218 | I3: =VLOOKUP(A3, English!A:C, 3, FALSE) -> 576 | J3: =VLOOKUP(A3, Openness!A:C, 2, FALSE) -> 38 | K3: =VLOOKUP(A3, Scenic!A:B, 2, FALSE) -> 40 | L3: =VLOOKUP(A3, Disaster!A:H, 3, FALSE) -> 0.61
A4: United States | B4: 4269.48 | C4: =VLOOKUP(A4, Sheet1!A:B, 2, FALSE) -> 54.3 | D4: =VLOOKUP(A4, Safety!A:B, 2, FALSE) -> 50.8 | E4: =VLOOKUP(A4, Health!A:B, 2, FALSE) -> 67.8 | F4: =VLOOKUP(A4, Political!A:H, 8, FALSE) -> 78.813927 | G4: =VLOOKUP(A4, Pollution!A:B, 2, FALSE) -> 36.5 | H4: 2418 | I4: 700 | J4: =VLOOKUP(A4, Openness!A:C, 2, FALSE) -> 28 | K4: =VLOOKUP(A4, Scenic!A:B, 2, FALSE) -> 51 | L4: =VLOOKUP(A4, Disaster!A:H, 3, FALSE) -> 22.56
A5: Singapore | B5: 4106.34 | C5: =VLOOKUP(A5, Sheet1!A:B, 2, FALSE) -> 73.7 | D5: =VLOOKUP(A5, Safety!A:B, 2, FALSE) -> 77.4 | E5: =VLOOKUP(A5, Health!A:B, 2, FALSE) -> 71.8 | F5: =VLOOKUP(A5, Political!A:H, 8, FALSE) -> 89.50171 | G5: =VLOOKUP(A5, Pollution!A:B, 2, FALSE) -> 32.5 | H5: 1186 | I5: =VLOOKUP(A5, English!A:C, 3, FALSE) -> 609 | J5: =VLOOKUP(A5, Openness!A:C, 2, FALSE) -> 30 | K5: =VLOOKUP(A5, Scenic!A:B, 2, FALSE) -> 33 | L5: =VLOOKUP(A5, Disaster!A:H, 3, FALSE) -> 0.8
A6: Iceland | B6: 4076.16 | C6: =VLOOKUP(A6, Sheet1!A:B, 2, FALSE) -> 65.9 | D6: =VLOOKUP(A6, Safety!A:B, 2, FALSE) -> 74.3 | E6: =VLOOKUP(A6, Health!A:B, 2, FALSE) -> 67.6 | F6: =VLOOKUP(A6, Political!A:H, 8, FALSE) -> 93.119656 | G6: =VLOOKUP(A6, Pollution!A:B, 2, FALSE) -> 16 | H6: 1012 | I6: =VLOOKUP(A6, English!A:C, 3, FALSE) -> #N/A | J6: =VLOOKUP(A6, Openness!A:C, 2, FALSE) -> #N/A | K6: =VLOOKUP(A6, Scenic!A:B, 2, FALSE) -> 8 | L6: =VLOOKUP(A6, Disaster!A:H, 3, FALSE) -> 2.01
A7: Denmark | B7: 4005.27 | C7: =VLOOKUP(A7, Sheet1!A:B, 2, FALSE) -> 48.6 | D7: =VLOOKUP(A7, Safety!A:B, 2, FALSE) -> 74 | E7: =VLOOKUP(A7, Health!A:B, 2, FALSE) -> 78.4 | F7: =VLOOKUP(A7, Political!A:H, 8, FALSE) -> 95.255514 | G7: =VLOOKUP(A7, Pollution!A:B, 2, FALSE) -> 20.8 | H7: 1961 | I7: =VLOOKUP(A7, English!A:C, 3, FALSE) -> 603 | J7: =VLOOKUP(A7, Openness!A:C, 2, FALSE) -> 45 | K7: =VLOOKUP(A7, Scenic!A:B, 2, FALSE) -> 25 | L7: =VLOOKUP(A7, Disaster!A:H, 3, FALSE) -> 0.98
A8: Australia | B8: 3945.23 | C8: =VLOOKUP(A8, Sheet1!A:B, 2, FALSE) -> 47.1 | D8: =VLOOKUP(A8, Safety!A:B, 2, FALSE) -> 52.7 | E8: =VLOOKUP(A8, Health!A:B, 2, FALSE) -> 73.4 | F8: =VLOOKUP(A8, Political!A:H, 8, FALSE) -> 92.805227 | G8: =VLOOKUP(A8, Pollution!A:B, 2, FALSE) -> 27 | H8: 3315 | I8: 700 | J8: =VLOOKUP(A8, Openness!A:C, 2, FALSE) -> 20 | K8: =VLOOKUP(A8, Scenic!A:B, 2, FALSE) -> 9 | L8: =VLOOKUP(A8, Disaster!A:H, 3, FALSE) -> 21.05
A9: Hong Kong (China) | B9: 3852.5 | C9: =VLOOKUP(A9, Sheet1!A:B, 2, FALSE) -> 65.7 | D9: =VLOOKUP(A9, Safety!A:B, 2, FALSE) -> 78.5 | E9: =VLOOKUP(A9, Health!A:B, 2, FALSE) -> 66.1 | F9: =VLOOKUP(A9, Political!A:H, 8, FALSE) -> 79.141279 | G9: =VLOOKUP(A9, Pollution!A:B, 2, FALSE) -> 67 | I9: =VLOOKUP(A9, English!A:C, 3, FALSE) -> 549 | J9: =VLOOKUP(A9, Openness!A:C, 2, FALSE) -> 27 | K9: =VLOOKUP(A9, Scenic!A:B, 2, FALSE) -> #N/A | L9: =VLOOKUP(A9, Disaster!A:H, 3, FALSE) -> #N/A
A10: Netherlands | B10: 3829.17 | C10: =VLOOKUP(A10, Sheet1!A:B, 2, FALSE) -> 47.9 | D10: =VLOOKUP(A10, Safety!A:B, 2, FALSE) -> 73.1 | E10: =VLOOKUP(A10, Health!A:B, 2, FALSE) -> 79.3 | F10: =VLOOKUP(A10, Political!A:H, 8, FALSE) -> 91.463263 | G10: =VLOOKUP(A10, Pollution!A:B, 2, FALSE) -> 21.4 | H10: 2185 | I10: =VLOOKUP(A10, English!A:C, 3, FALSE) -> 636 | J10: =VLOOKUP(A10, Openness!A:C, 2, FALSE) -> 41 | K10: =VLOOKUP(A10, Scenic!A:B, 2, FALSE) -> 21 | L10: =VLOOKUP(A10, Disaster!A:H, 3, FALSE) -> 4.11
A11: Norway | B11: 3645.41 | C11: =VLOOKUP(A11, Sheet1!A:B, 2, FALSE) -> 49.4 | D11: =VLOOKUP(A11, Safety!A:B, 2, FALSE) -> 67 | E11: =VLOOKUP(A11, Health!A:B, 2, FALSE) -> 75.6 | F11: =VLOOKUP(A11, Political!A:H, 8, FALSE) -> 94.479343 | G11: =VLOOKUP(A11, Pollution!A:B, 2, FALSE) -> 18.2 | H11: 1821 | I11: =VLOOKUP(A11, English!A:C, 3, FALSE) -> 610 | J11: =VLOOKUP(A11, Openness!A:C, 2, FALSE) -> 52 | K11: =VLOOKUP(A11, Scenic!A:B, 2, FALSE) -> 7 | L11: =VLOOKUP(A11, Disaster!A:H, 3, FALSE) -> 2.61
A12: United Kingdom | B12: 3572.87 | C12: =VLOOKUP(A12, Sheet1!A:B, 2, FALSE) -> 46.3 | D12: =VLOOKUP(A12, Safety!A:B, 2, FALSE) -> 51.7 | E12: =VLOOKUP(A12, Health!A:B, 2, FALSE) -> 72.7 | F12: =VLOOKUP(A12, Political!A:H, 8, FALSE) -> 84.892809 | G12: =VLOOKUP(A12, Pollution!A:B, 2, FALSE) -> 40.4 | H12: 2219 | I12: 700 | J12: =VLOOKUP(A12, Openness!A:C, 2, FALSE) -> 42 | K12: =VLOOKUP(A12, Scenic!A:B, 2, FALSE) -> 45 | L12: =VLOOKUP(A12, Disaster!A:H, 3, FALSE) -> 5.7
A13: United Arab Emirates | B13: 3520.47 | C13: =VLOOKUP(A13, Sheet1!A:B, 2, FALSE) -> 47.8 | D13: =VLOOKUP(A13, Safety!A:B, 2, FALSE) -> 84.5 | E13: =VLOOKUP(A13, Health!A:B, 2, FALSE) -> 70.6 | F13: =VLOOKUP(A13, Political!A:H, 8, FALSE) -> 71.24148 | G13: =VLOOKUP(A13, Pollution!A:B, 2, FALSE) -> 48.2 | H13: 1720 | I13: =VLOOKUP(A13, English!A:C, 3, FALSE) -> 489 | J13: =VLOOKUP(A13, Openness!A:C, 2, FALSE) -> 16 | K13: =VLOOKUP(A13, Scenic!A:B, 2, FALSE) -> 60 | L13: =VLOOKUP(A13, Disaster!A:H, 3, FALSE) -> 4.54
A14: New Zealand | B14: 3447.98 | C14: =VLOOKUP(A14, Sheet1!A:B, 2, FALSE) -> 41.2 | D14: =VLOOKUP(A14, Safety!A:B, 2, FALSE) -> 51.8 | E14: =VLOOKUP(A14, Health!A:B, 2, FALSE) -> 68.4 | F14: =VLOOKUP(A14, Political!A:H, 8, FALSE) -> 96.849283 | G14: =VLOOKUP(A14, Pollution!A:B, 2, FALSE) -> 26.3 | H14: 3149 | I14: 700 | J14: =VLOOKUP(A14, Openness!A:C, 2, FALSE) -> 21 | K14: =VLOOKUP(A14, Scenic!A:B, 2, FALSE) -> 2 | L14: =VLOOKUP(A14, Disaster!A:H, 3, FALSE) -> 14.34
A15: Ireland | B15: 3441.52 | C15: =VLOOKUP(A15, Sheet1!A:B, 2, FALSE) -> 50.6 | D15: =VLOOKUP(A15, Safety!A:B, 2, FALSE) -> 52.4 | E15: =VLOOKUP(A15, Health!A:B, 2, FALSE) -> 51.5 | F15: =VLOOKUP(A15, Political!A:H, 8, FALSE) -> 91.93662 | G15: =VLOOKUP(A15, Pollution!A:B, 2, FALSE) -> 34.4 | H15: 2068 | I15: 700 | J15: =VLOOKUP(A15, Openness!A:C, 2, FALSE) -> 29 | K15: =VLOOKUP(A15, Scenic!A:B, 2, FALSE) -> 11 | L15: =VLOOKUP(A15, Disaster!A:H, 3, FALSE) -> 2.55
A16: Qatar | B16: 3372.51 | C16: =VLOOKUP(A16, Sheet1!A:B, 2, FALSE) -> 41.7 | D16: =VLOOKUP(A16, Safety!A:B, 2, FALSE) -> 84.2 | E16: =VLOOKUP(A16, Health!A:B, 2, FALSE) -> 73.4 | F16: =VLOOKUP(A16, Political!A:H, 8, FALSE) -> 71.513171 | G16: =VLOOKUP(A16, Pollution!A:B, 2, FALSE) -> 60 | H16: 1851 | I16: =VLOOKUP(A16, English!A:C, 3, FALSE) -> 480 | J16: =VLOOKUP(A16, Openness!A:C, 2, FALSE) -> 22 | K16: =VLOOKUP(A16, Scenic!A:B, 2, FALSE) -> 69 | L16: =VLOOKUP(A16, Disaster!A:H, 3, FALSE) -> 0.94
A17: Israel | B17: 3301.93 | C17: =VLOOKUP(A17, Sheet1!A:B, 2, FALSE) -> 48.3 | D17: =VLOOKUP(A17, Safety!A:B, 2, FALSE) -> 68.2 | E17: =VLOOKUP(A17, Health!A:B, 2, FALSE) -> 73.2 | F17: =VLOOKUP(A17, Political!A:H, 8, FALSE) -> 67.187808 | G17: =VLOOKUP(A17, Pollution!A:B, 2, FALSE) -> 56.8 | H17: 2897 | I17: =VLOOKUP(A17, English!A:C, 3, FALSE) -> 522 | J17: =VLOOKUP(A17, Openness!A:C, 2, FALSE) -> #N/A | K17: =VLOOKUP(A17, Scenic!A:B, 2, FALSE) -> 87 | L17: =VLOOKUP(A17, Disaster!A:H, 3, FALSE) -> 3.81
A18: Germany | B18: 3287.08 | C18: =VLOOKUP(A18, Sheet1!A:B, 2, FALSE) -> 42.4 | D18: =VLOOKUP(A18, Safety!A:B, 2, FALSE) -> 60.6 | E18: =VLOOKUP(A18, Health!A:B, 2, FALSE) -> 71.9 | F18: =VLOOKUP(A18, Political!A:H, 8, FALSE) -> 87.596865 | G18: =VLOOKUP(A18, Pollution!A:B, 2, FALSE) -> 28.7 | H18: 2327 | I18: =VLOOKUP(A18, English!A:C, 3, FALSE) -> 598 | J18: =VLOOKUP(A18, Openness!A:C, 2, FALSE) -> 51 | K18: =VLOOKUP(A18, Scenic!A:B, 2, FALSE) -> 50 | L18: =VLOOKUP(A18, Disaster!A:H, 3, FALSE) -> 4.1
A19: Sweden | B19: 3072.84 | C19: =VLOOKUP(A19, Sheet1!A:B, 2, FALSE) -> 38.7 | D19: =VLOOKUP(A19, Safety!A:B, 2, FALSE) -> 52 | E19: =VLOOKUP(A19, Health!A:B, 2, FALSE) -> 68.3 | F19: =VLOOKUP(A19, Political!A:H, 8, FALSE) -> 91.941769 | G19: =VLOOKUP(A19, Pollution!A:B, 2, FALSE) -> 17.7 | H19: 1962 | I19: =VLOOKUP(A19, English!A:C, 3, FALSE) -> 608 | J19: =VLOOKUP(A19, Openness!A:C, 2, FALSE) -> 48 | K19: =VLOOKUP(A19, Scenic!A:B, 2, FALSE) -> 14 | L19: =VLOOKUP(A19, Disaster!A:H, 3, FALSE) -> 3.23
A20: Canada | B20: 3038.11 | C20: =VLOOKUP(A20, Sheet1!A:B, 2, FALSE) -> 46.1 | D20: =VLOOKUP(A20, Safety!A:B, 2, FALSE) -> 54.3 | E20: =VLOOKUP(A20, Health!A:B, 2, FALSE) -> 68.7 | F20: =VLOOKUP(A20, Political!A:H, 8, FALSE) -> 90.516576 | G20: =VLOOKUP(A20, Pollution!A:B, 2, FALSE) -> 29.7 | H20: 2015 | I20: 700 | J20: =VLOOKUP(A20, Openness!A:C, 2, FALSE) -> 39 | K20: =VLOOKUP(A20, Scenic!A:B, 2, FALSE) -> 18 | L20: =VLOOKUP(A20, Disaster!A:H, 3, FALSE) -> 18.89
A21: Finland | B21: 2987.09 | C21: =VLOOKUP(A21, Sheet1!A:B, 2, FALSE) -> 41.1 | D21: =VLOOKUP(A21, Safety!A:B, 2, FALSE) -> 73.2 | E21: =VLOOKUP(A21, Health!A:B, 2, FALSE) -> 77.5 | F21: =VLOOKUP(A21, Political!A:H, 8, FALSE) -> 93.67255 | G21: =VLOOKUP(A21, Pollution!A:B, 2, FALSE) -> 11.9 | H21: 1737 | I21: =VLOOKUP(A21, English!A:C, 3, FALSE) -> 590 | J21: =VLOOKUP(A21, Openness!A:C, 2, FALSE) -> 50 | K21: =VLOOKUP(A21, Scenic!A:B, 2, FALSE) -> 17 | L21: =VLOOKUP(A21, Disaster!A:H, 3, FALSE) -> 1.54
A22: Bahrain | B22: 2818.77 | C22: =VLOOKUP(A22, Sheet1!A:B, 2, FALSE) -> 36 | D22: =VLOOKUP(A22, Safety!A:B, 2, FALSE) -> 75.5 | E22: =VLOOKUP(A22, Health!A:B, 2, FALSE) -> #N/A | F22: =VLOOKUP(A22, Political!A:H, 8, FALSE) -> 54.024828 | G22: =VLOOKUP(A22, Pollution!A:B, 2, FALSE) -> 71.6 | I22: =VLOOKUP(A22, English!A:C, 3, FALSE) -> #N/A | J22: =VLOOKUP(A22, Openness!A:C, 2, FALSE) -> 18 | K22: =VLOOKUP(A22, Scenic!A:B, 2, FALSE) -> 84 | L22: =VLOOKUP(A22, Disaster!A:H, 3, FALSE) -> 0.94
A23: Belgium | B23: 2798.06 | C23: =VLOOKUP(A23, Sheet1!A:B, 2, FALSE) -> 40.1 | D23: =VLOOKUP(A23, Safety!A:B, 2, FALSE) -> 50.6 | E23: =VLOOKUP(A23, Health!A:B, 2, FALSE) -> 75.9 | F23: =VLOOKUP(A23, Political!A:H, 8, FALSE) -> 82.468137 | G23: =VLOOKUP(A23, Pollution!A:B, 2, FALSE) -> 49.5 | H23: 2389 | I23: =VLOOKUP(A23, English!A:C, 3, FALSE) -> 592 | J23: =VLOOKUP(A23, Openness!A:C, 2, FALSE) -> 31 | K23: =VLOOKUP(A23, Scenic!A:B, 2, FALSE) -> 47 | L23: =VLOOKUP(A23, Disaster!A:H, 3, FALSE) -> 5.1
A24: Austria | B24: 2786.82 | C24: =VLOOKUP(A24, Sheet1!A:B, 2, FALSE) -> 43.6 | D24: =VLOOKUP(A24, Safety!A:B, 2, FALSE) -> 70.5 | E24: =VLOOKUP(A24, Health!A:B, 2, FALSE) -> 77.9 | F24: =VLOOKUP(A24, Political!A:H, 8, FALSE) -> 87.594798 | G24: =VLOOKUP(A24, Pollution!A:B, 2, FALSE) -> 21.2 | H24: 2382 | I24: =VLOOKUP(A24, English!A:C, 3, FALSE) -> 600 | J24: =VLOOKUP(A24, Openness!A:C, 2, FALSE) -> 49 | K24: =VLOOKUP(A24, Scenic!A:B, 2, FALSE) -> 10 | L24: =VLOOKUP(A24, Disaster!A:H, 3, FALSE) -> 1.16
A25: France | B25: 2785.28 | C25: =VLOOKUP(A25, Sheet1!A:B, 2, FALSE) -> 41 | D25: =VLOOKUP(A25, Safety!A:B, 2, FALSE) -> 44.6 | E25: =VLOOKUP(A25, Health!A:B, 2, FALSE) -> 77.7 | F25: =VLOOKUP(A25, Political!A:H, 8, FALSE) -> 79.992172 | G25: =VLOOKUP(A25, Pollution!A:B, 2, FALSE) -> 43.7 | H25: 2710 | I25: =VLOOKUP(A25, English!A:C, 3, FALSE) -> 524 | J25: =VLOOKUP(A25, Openness!A:C, 2, FALSE) -> 34 | K25: =VLOOKUP(A25, Scenic!A:B, 2, FALSE) -> 20 | L25: =VLOOKUP(A25, Disaster!A:H, 3, FALSE) -> 7.54
A26: Kuwait | B26: 2734.78 | C26: =VLOOKUP(A26, Sheet1!A:B, 2, FALSE) -> 32.2 | D26: =VLOOKUP(A26, Safety!A:B, 2, FALSE) -> 67.2 | E26: =VLOOKUP(A26, Health!A:B, 2, FALSE) -> 58.4 | F26: =VLOOKUP(A26, Political!A:H, 8, FALSE) -> 54.095714 | G26: =VLOOKUP(A26, Pollution!A:B, 2, FALSE) -> 69.4 | H26: 2087 | I26: =VLOOKUP(A26, English!A:C, 3, FALSE) -> 456 | J26: =VLOOKUP(A26, Openness!A:C, 2, FALSE) -> 53 | K26: =VLOOKUP(A26, Scenic!A:B, 2, FALSE) -> 88 | L26: =VLOOKUP(A26, Disaster!A:H, 3, FALSE) -> 2.77
A27: South Korea | B27: 2495.16 | C27: =VLOOKUP(A27, Sheet1!A:B, 2, FALSE) -> 38.2 | D27: =VLOOKUP(A27, Safety!A:B, 2, FALSE) -> 75.1 | E27: =VLOOKUP(A27, Health!A:B, 2, FALSE) -> 82.8 | F27: =VLOOKUP(A27, Political!A:H, 8, FALSE) -> 7.5710154 | G27: =VLOOKUP(A27, Pollution!A:B, 2, FALSE) -> 61.4 | H27: 1890 | I27: =VLOOKUP(A27, English!A:C, 3, FALSE) -> 523 | J27: =VLOOKUP(A27, Openness!A:C, 2, FALSE) -> 36 | K27: =VLOOKUP(A27, Scenic!A:B, 2, FALSE) -> 70 | L27: =VLOOKUP(A27, Disaster!A:H, 3, FALSE) -> 12.38
A28: Puerto Rico | B28: 2410.53 | C28: =VLOOKUP(A28, Sheet1!A:B, 2, FALSE) -> 41.5 | D28: =VLOOKUP(A28, Safety!A:B, 2, FALSE) -> 38.5 | E28: =VLOOKUP(A28, Health!A:B, 2, FALSE) -> 58.5 | F28: =VLOOKUP(A28, Political!A:H, 8, FALSE) -> 58.691238 | G28: =VLOOKUP(A28, Pollution!A:B, 2, FALSE) -> 47.9 | I28: 700 | J28: =VLOOKUP(A28, Openness!A:C, 2, FALSE) -> #N/A | K28: =VLOOKUP(A28, Scenic!A:B, 2, FALSE) -> #N/A | L28: =VLOOKUP(A28, Disaster!A:H, 3, FALSE) -> #N/A
A29: Saudi Arabia | B29: 2386.32 | C29: =VLOOKUP(A29, Sheet1!A:B, 2, FALSE) -> 28.4 | D29: =VLOOKUP(A29, Safety!A:B, 2, FALSE) -> 76.1 | E29: =VLOOKUP(A29, Health!A:B, 2, FALSE) -> 61.8 | F29: =VLOOKUP(A29, Political!A:H, 8, FALSE) -> 54.253458 | G29: =VLOOKUP(A29, Pollution!A:B, 2, FALSE) -> 62.5 | H29: 1986 | I29: =VLOOKUP(A29, English!A:C, 3, FALSE) -> 417 | J29: =VLOOKUP(A29, Openness!A:C, 2, FALSE) -> 25 | K29: =VLOOKUP(A29, Scenic!A:B, 2, FALSE) -> 83 | L29: =VLOOKUP(A29, Disaster!A:H, 3, FALSE) -> 9.34
A30: Japan | B30: 2092.09 | C30: =VLOOKUP(A30, Sheet1!A:B, 2, FALSE) -> 31.6 | D30: =VLOOKUP(A30, Safety!A:B, 2, FALSE) -> 77.1 | E30: =VLOOKUP(A30, Health!A:B, 2, FALSE) -> 80 | F30: =VLOOKUP(A30, Political!A:H, 8, FALSE) -> 89.751469 | G30: =VLOOKUP(A30, Pollution!A:B, 2, FALSE) -> 38.5 | H30: 2190 | I30: =VLOOKUP(A30, English!A:C, 3, FALSE) -> 454 | J30: =VLOOKUP(A30, Openness!A:C, 2, FALSE) -> 35 | K30: =VLOOKUP(A30, Scenic!A:B, 2, FALSE) -> 23 | L30: =VLOOKUP(A30, Disaster!A:H, 3, FALSE) -> 20.94
A31: Oman | B31: 2068.7 | C31: =VLOOKUP(A31, Sheet1!A:B, 2, FALSE) -> 27.5 | D31: =VLOOKUP(A31, Safety!A:B, 2, FALSE) -> 81.7 | E31: =VLOOKUP(A31, Health!A:B, 2, FALSE) -> 65.1 | F31: =VLOOKUP(A31, Political!A:H, 8, FALSE) -> 57.810146 | G31: =VLOOKUP(A31, Pollution!A:B, 2, FALSE) -> 35 | H31: 1762 | I31: =VLOOKUP(A31, English!A:C, 3, FALSE) -> 421 | J31: =VLOOKUP(A31, Openness!A:C, 2, FALSE) -> 12 | K31: =VLOOKUP(A31, Scenic!A:B, 2, FALSE) -> 79 | L31: =VLOOKUP(A31, Disaster!A:H, 3, FALSE) -> 8.06
A32: Spain | B32: 2042.2 | C32: =VLOOKUP(A32, Sheet1!A:B, 2, FALSE) -> 33.6 | D32: =VLOOKUP(A32, Safety!A:B, 2, FALSE) -> 63.4 | E32: =VLOOKUP(A32, Health!A:B, 2, FALSE) -> 77.3 | F32: =VLOOKUP(A32, Political!A:H, 8, FALSE) -> 74.02275 | G32: =VLOOKUP(A32, Pollution!A:B, 2, FALSE) -> 35.4 | H32: 3001 | I32: =VLOOKUP(A32, English!A:C, 3, FALSE) -> 538 | J32: =VLOOKUP(A32, Openness!A:C, 2, FALSE) -> 11 | K32: =VLOOKUP(A32, Scenic!A:B, 2, FALSE) -> 5 | L32: =VLOOKUP(A32, Disaster!A:H, 3, FALSE) -> 9.74
A33: Cyprus | B33: 1886.76 | C33: =VLOOKUP(A33, Sheet1!A:B, 2, FALSE) -> 38.2 | D33: =VLOOKUP(A33, Safety!A:B, 2, FALSE) -> 66.9 | E33: =VLOOKUP(A33, Health!A:B, 2, FALSE) -> 57.1 | F33: =VLOOKUP(A33, Political!A:H, 8, FALSE) -> 70.662556 | G33: =VLOOKUP(A33, Pollution!A:B, 2, FALSE) -> 55.3 | H33: 2823 | I33: =VLOOKUP(A33, English!A:C, 3, FALSE) -> 558 | J33: =VLOOKUP(A33, Openness!A:C, 2, FALSE) -> 17 | K33: =VLOOKUP(A33, Scenic!A:B, 2, FALSE) -> 35 | L33: =VLOOKUP(A33, Disaster!A:H, 3, FALSE) -> 3.5
A34: Italy | B34: 1838.18 | C34: =VLOOKUP(A34, Sheet1!A:B, 2, FALSE) -> 36.3 | D34: =VLOOKUP(A34, Safety!A:B, 2, FALSE) -> 53.1 | E34: =VLOOKUP(A34, Health!A:B, 2, FALSE) -> 65.1 | F34: =VLOOKUP(A34, Political!A:H, 8, FALSE) -> 70.40189 | G34: =VLOOKUP(A34, Pollution!A:B, 2, FALSE) -> 53.8 | H34: 2758 | I34: =VLOOKUP(A34, English!A:C, 3, FALSE) -> 528 | J34: =VLOOKUP(A34, Openness!A:C, 2, FALSE) -> 33 | K34: =VLOOKUP(A34, Scenic!A:B, 2, FALSE) -> 3 | L34: =VLOOKUP(A34, Disaster!A:H, 3, FALSE) -> 11.11
A35: Czech Republic | B35: 1701.33 | C35: =VLOOKUP(A35, Sheet1!A:B, 2, FALSE) -> 31.5 | D35: =VLOOKUP(A35, Safety!A:B, 2, FALSE) -> 73.5 | E35: =VLOOKUP(A35, Health!A:B, 2, FALSE) -> 75.5 | F35: =VLOOKUP(A35, Political!A:H, 8, FALSE) -> 82.736862 | G35: =VLOOKUP(A35, Pollution!A:B, 2, FALSE) -> 34.9 | H35: 2342 | I35: =VLOOKUP(A35, English!A:C, 3, FALSE) -> 567 | J35: =VLOOKUP(A35, Openness!A:C, 2, FALSE) -> 47 | K35: =VLOOKUP(A35, Scenic!A:B, 2, FALSE) -> 53 | L35: =VLOOKUP(A35, Disaster!A:H, 3, FALSE) -> 1.09
A36: Slovenia | B36: 1701.32 | C36: =VLOOKUP(A36, Sheet1!A:B, 2, FALSE) -> 34.1 | D36: =VLOOKUP(A36, Safety!A:B, 2, FALSE) -> 76.2 | E36: =VLOOKUP(A36, Health!A:B, 2, FALSE) -> 66.1 | F36: =VLOOKUP(A36, Political!A:H, 8, FALSE) -> 79.118376 | G36: =VLOOKUP(A36, Pollution!A:B, 2, FALSE) -> 22 | H36: 2372 | I36: =VLOOKUP(A36, English!A:C, 3, FALSE) -> #N/A | J36: =VLOOKUP(A36, Openness!A:C, 2, FALSE) -> #N/A | K36: =VLOOKUP(A36, Scenic!A:B, 2, FALSE) -> 55 | L36: =VLOOKUP(A36, Disaster!A:H, 3, FALSE) -> 2.1
A37: Estonia | B37: 1688.65 | C37: =VLOOKUP(A37, Sheet1!A:B, 2, FALSE) -> 33.8 | D37: =VLOOKUP(A37, Safety!A:B, 2, FALSE) -> 76.3 | E37: =VLOOKUP(A37, Health!A:B, 2, FALSE) -> 75.5 | F37: =VLOOKUP(A37, Political!A:H, 8, FALSE) -> 86.461477 | G37: =VLOOKUP(A37, Pollution!A:B, 2, FALSE) -> 17 | H37: 1908 | I37: =VLOOKUP(A37, English!A:C, 3, FALSE) -> 578 | J37: =VLOOKUP(A37, Openness!A:C, 2, FALSE) -> #N/A | K37: =VLOOKUP(A37, Scenic!A:B, 2, FALSE) -> 62 | L37: =VLOOKUP(A37, Disaster!A:H, 3, FALSE) -> 1.77
A38: Taiwan | B38: 1644.77 | C38: =VLOOKUP(A38, Sheet1!A:B, 2, FALSE) -> 30.5 | D38: =VLOOKUP(A38, Safety!A:B, 2, FALSE) -> 82.9 | E38: =VLOOKUP(A38, Health!A:B, 2, FALSE) -> 86.5 | F38: =VLOOKUP(A38, Political!A:H, 8, FALSE) -> 85.497517 | G38: =VLOOKUP(A38, Pollution!A:B, 2, FALSE) -> 64.5 | H38: 2218 | I38: =VLOOKUP(A38, English!A:C, 3, FALSE) -> #N/A | J38: =VLOOKUP(A38, Openness!A:C, 2, FALSE) -> #N/A | K38: =VLOOKUP(A38, Scenic!A:B, 2, FALSE) -> #N/A | L38: =VLOOKUP(A38, Disaster!A:H, 3, FALSE) -> #N/A
A39: Poland | B39: 1632.99 | C39: =VLOOKUP(A39, Sheet1!A:B, 2, FALSE) -> 28.8 | D39: =VLOOKUP(A39, Safety!A:B, 2, FALSE) -> 71 | E39: =VLOOKUP(A39, Health!A:B, 2, FALSE) -> 58 | F39: =VLOOKUP(A39, Political!A:H, 8, FALSE) -> 68.085815 | G39: =VLOOKUP(A39, Pollution!A:B, 2, FALSE) -> 55.6 | H39: 2247 | I39: =VLOOKUP(A39, English!A:C, 3, FALSE) -> 588 | J39: =VLOOKUP(A39, Openness!A:C, 2, FALSE) -> 37 | K39: =VLOOKUP(A39, Scenic!A:B, 2, FALSE) -> 43 | L39: =VLOOKUP(A39, Disaster!A:H, 3, FALSE) -> 4.74
A40: Malta | B40: 1537.8 | C40: =VLOOKUP(A40, Sheet1!A:B, 2, FALSE) -> 37.1 | D40: =VLOOKUP(A40, Safety!A:B, 2, FALSE) -> 57 | E40: =VLOOKUP(A40, Health!A:B, 2, FALSE) -> 52.5 | F40: =VLOOKUP(A40, Political!A:H, 8, FALSE) -> 71.299479 | G40: =VLOOKUP(A40, Pollution!A:B, 2, FALSE) -> 75.8 | I40: =VLOOKUP(A40, English!A:C, 3, FALSE) -> #N/A | J40: =VLOOKUP(A40, Openness!A:C, 2, FALSE) -> 32 | K40: =VLOOKUP(A40, Scenic!A:B, 2, FALSE) -> #N/A | L40: =VLOOKUP(A40, Disaster!A:H, 3, FALSE) -> 1.03
A41: Croatia | B41: 1516.63 | C41: =VLOOKUP(A41, Sheet1!A:B, 2, FALSE) -> 30.5 | D41: =VLOOKUP(A41, Safety!A:B, 2, FALSE) -> 74.5 | E41: =VLOOKUP(A41, Health!A:B, 2, FALSE) -> 64.7 | F41: =VLOOKUP(A41, Political!A:H, 8, FALSE) -> 66.739986 | G41: =VLOOKUP(A41, Pollution!A:B, 2, FALSE) -> 30.8 | H41: 2524 | I41: =VLOOKUP(A41, English!A:C, 3, FALSE) -> 607 | J41: =VLOOKUP(A41, Openness!A:C, 2, FALSE) -> #N/A | K41: =VLOOKUP(A41, Scenic!A:B, 2, FALSE) -> 28 | L41: =VLOOKUP(A41, Disaster!A:H, 3, FALSE) -> 4.78
A42: Lithuania | B42: 1458.62 | C42: =VLOOKUP(A42, Sheet1!A:B, 2, FALSE) -> 30.9 | D42: =VLOOKUP(A42, Safety!A:B, 2, FALSE) -> 67.6 | E42: =VLOOKUP(A42, Health!A:B, 2, FALSE) -> 75 | F42: =VLOOKUP(A42, Political!A:H, 8, FALSE) -> 81.468093 | G42: =VLOOKUP(A42, Pollution!A:B, 2, FALSE) -> 26.3 | H42: 2068 | I42: =VLOOKUP(A42, English!A:C, 3, FALSE) -> 569 | J42: =VLOOKUP(A42, Openness!A:C, 2, FALSE) -> #N/A | K42: =VLOOKUP(A42, Scenic!A:B, 2, FALSE) -> 65 | L42: =VLOOKUP(A42, Disaster!A:H, 3, FALSE) -> 2.32
A43: South Africa | B43: 1414.5 | C43: =VLOOKUP(A43, Sheet1!A:B, 2, FALSE) -> 21.6 | D43: =VLOOKUP(A43, Safety!A:B, 2, FALSE) -> 25.3 | E43: =VLOOKUP(A43, Health!A:B, 2, FALSE) -> 63.8 | F43: =VLOOKUP(A43, Political!A:H, 8, FALSE) -> 46.057829 | G43: =VLOOKUP(A43, Pollution!A:B, 2, FALSE) -> 56.7 | H43: 3533 | I43: =VLOOKUP(A43, English!A:C, 3, FALSE) -> 594 | J43: =VLOOKUP(A43, Openness!A:C, 2, FALSE) -> 23 | K43: =VLOOKUP(A43, Scenic!A:B, 2, FALSE) -> 29 | L43: =VLOOKUP(A43, Disaster!A:H, 3, FALSE) -> 9.6
A44: Slovakia | B44: 1388.08 | C44: =VLOOKUP(A44, Sheet1!A:B, 2, FALSE) -> 29.7 | D44: =VLOOKUP(A44, Safety!A:B, 2, FALSE) -> 69 | E44: =VLOOKUP(A44, Health!A:B, 2, FALSE) -> 58.4 | F44: =VLOOKUP(A44, Political!A:H, 8, FALSE) -> 66.883822 | G44: =VLOOKUP(A44, Pollution!A:B, 2, FALSE) -> 37.4 | H44: 2385 | I44: =VLOOKUP(A44, English!A:C, 3, FALSE) -> 584 | J44: =VLOOKUP(A44, Openness!A:C, 2, FALSE) -> #N/A | K44: =VLOOKUP(A44, Scenic!A:B, 2, FALSE) -> 64 | L44: =VLOOKUP(A44, Disaster!A:H, 3, FALSE) -> 1.03
A45: Latvia | B45: 1298.51 | C45: =VLOOKUP(A45, Sheet1!A:B, 2, FALSE) -> 28.6 | D45: =VLOOKUP(A45, Safety!A:B, 2, FALSE) -> 62.9 | E45: =VLOOKUP(A45, Health!A:B, 2, FALSE) -> 62.4 | F45: =VLOOKUP(A45, Political!A:H, 8, FALSE) -> 77.196758 | G45: =VLOOKUP(A45, Pollution!A:B, 2, FALSE) -> 30.4 | H45: 2013 | I45: =VLOOKUP(A45, English!A:C, 3, FALSE) -> #N/A | J45: =VLOOKUP(A45, Openness!A:C, 2, FALSE) -> #N/A | K45: =VLOOKUP(A45, Scenic!A:B, 2, FALSE) -> 74 | L45: =VLOOKUP(A45, Disaster!A:H, 3, FALSE) -> 3.01
A46: Portugal | B46: 1225.66 | C46: =VLOOKUP(A46, Sheet1!A:B, 2, FALSE) -> 32.8 | D46: =VLOOKUP(A46, Safety!A:B, 2, FALSE) -> 67.9 | E46: =VLOOKUP(A46, Health!A:B, 2, FALSE) -> 72.2 | F46: =VLOOKUP(A46, Political!A:H, 8, FALSE) -> 78.676491 | G46: =VLOOKUP(A46, Pollution!A:B, 2, FALSE) -> 28.7 | H46: 3176 | I46: =VLOOKUP(A46, English!A:C, 3, FALSE) -> 605 | J46: =VLOOKUP(A46, Openness!A:C, 2, FALSE) -> 15 | K46: =VLOOKUP(A46, Scenic!A:B, 2, FALSE) -> 13 | L46: =VLOOKUP(A46, Disaster!A:H, 3, FALSE) -> 5.08
A47: Bulgaria | B47: 1187.71 | C47: =VLOOKUP(A47, Sheet1!A:B, 2, FALSE) -> 24.2 | D47: =VLOOKUP(A47, Safety!A:B, 2, FALSE) -> 63.9 | E47: =VLOOKUP(A47, Health!A:B, 2, FALSE) -> 58.1 | F47: =VLOOKUP(A47, Political!A:H, 8, FALSE) -> 56.397645 | G47: =VLOOKUP(A47, Pollution!A:B, 2, FALSE) -> 63.1 | H47: 2505 | I47: =VLOOKUP(A47, English!A:C, 3, FALSE) -> 586 | J47: =VLOOKUP(A47, Openness!A:C, 2, FALSE) -> #N/A | K47: =VLOOKUP(A47, Scenic!A:B, 2, FALSE) -> 54 | L47: =VLOOKUP(A47, Disaster!A:H, 3, FALSE) -> 2.43
A48: Hungary | B48: 1180.91 | C48: =VLOOKUP(A48, Sheet1!A:B, 2, FALSE) -> 25.3 | D48: =VLOOKUP(A48, Safety!A:B, 2, FALSE) -> 66.3 | E48: =VLOOKUP(A48, Health!A:B, 2, FALSE) -> 54.3 | F48: =VLOOKUP(A48, Political!A:H, 8, FALSE) -> 62.457977 | G48: =VLOOKUP(A48, Pollution!A:B, 2, FALSE) -> 46.7 | H48: 2457 | I48: =VLOOKUP(A48, English!A:C, 3, FALSE) -> 585 | J48: =VLOOKUP(A48, Openness!A:C, 2, FALSE) -> 44 | K48: =VLOOKUP(A48, Scenic!A:B, 2, FALSE) -> 41 | L48: =VLOOKUP(A48, Disaster!A:H, 3, FALSE) -> 0.95
A49: China | B49: 1137.2 | C49: =VLOOKUP(A49, Sheet1!A:B, 2, FALSE) -> 22.2 | D49: =VLOOKUP(A49, Safety!A:B, 2, FALSE) -> 76 | E49: =VLOOKUP(A49, Health!A:B, 2, FALSE) -> 68.7 | F49: =VLOOKUP(A49, Political!A:H, 8, FALSE) -> 41.968508 | G49: =VLOOKUP(A49, Pollution!A:B, 2, FALSE) -> 77.8 | H49: 2148 | I49: =VLOOKUP(A49, English!A:C, 3, FALSE) -> 455 | J49: =VLOOKUP(A49, Openness!A:C, 2, FALSE) -> 19 | K49: =VLOOKUP(A49, Scenic!A:B, 2, FALSE) -> 46 | L49: =VLOOKUP(A49, Disaster!A:H, 3, FALSE) -> 21.31
A50: Romania | B50: 1129.59 | C50: =VLOOKUP(A50, Sheet1!A:B, 2, FALSE) -> 23.2 | D50: =VLOOKUP(A50, Safety!A:B, 2, FALSE) -> 67.7 | E50: =VLOOKUP(A50, Health!A:B, 2, FALSE) -> 56.5 | F50: =VLOOKUP(A50, Political!A:H, 8, FALSE) -> 58.14028 | G50: =VLOOKUP(A50, Pollution!A:B, 2, FALSE) -> 58.8 | H50: 2392 | I50: =VLOOKUP(A50, English!A:C, 3, FALSE) -> 593 | J50: =VLOOKUP(A50, Openness!A:C, 2, FALSE) -> #N/A | K50: =VLOOKUP(A50, Scenic!A:B, 2, FALSE) -> 42 | L50: =VLOOKUP(A50, Disaster!A:H, 3, FALSE) -> 3.22
A51: Malaysia | B51: 1098.28 | C51: =VLOOKUP(A51, Sheet1!A:B, 2, FALSE) -> 20.1 | D51: =VLOOKUP(A51, Safety!A:B, 2, FALSE) -> 51.1 | E51: =VLOOKUP(A51, Health!A:B, 2, FALSE) -> 70.3 | F51: =VLOOKUP(A51, Political!A:H, 8, FALSE) -> 63.961126 | G51: =VLOOKUP(A51, Pollution!A:B, 2, FALSE) -> 61.4 | H51: 660 | I51: =VLOOKUP(A51, English!A:C, 3, FALSE) -> 566 | J51: =VLOOKUP(A51, Openness!A:C, 2, FALSE) -> 24 | K51: =VLOOKUP(A51, Scenic!A:B, 2, FALSE) -> 32 | L51: =VLOOKUP(A51, Disaster!A:H, 3, FALSE) -> 14.5
A52: Greece | B52: 1064.97 | C52: =VLOOKUP(A52, Sheet1!A:B, 2, FALSE) -> 31.1 | D52: =VLOOKUP(A52, Safety!A:B, 2, FALSE) -> 53.6 | E52: =VLOOKUP(A52, Health!A:B, 2, FALSE) -> 58.5 | F52: =VLOOKUP(A52, Political!A:H, 8, FALSE) -> 62.80607 | G52: =VLOOKUP(A52, Pollution!A:B, 2, FALSE) -> 51.8 | H52: 2848 | I52: =VLOOKUP(A52, English!A:C, 3, FALSE) -> 602 | J52: =VLOOKUP(A52, Openness!A:C, 2, FALSE) -> 10 | K52: =VLOOKUP(A52, Scenic!A:B, 2, FALSE) -> 1 | L52: =VLOOKUP(A52, Disaster!A:H, 3, FALSE) -> 8.61
A53: Uruguay | B53: 1029.74 | C53: =VLOOKUP(A53, Sheet1!A:B, 2, FALSE) -> 31.5 | D53: =VLOOKUP(A53, Safety!A:B, 2, FALSE) -> 48 | E53: =VLOOKUP(A53, Health!A:B, 2, FALSE) -> 68.6 | F53: =VLOOKUP(A53, Political!A:H, 8, FALSE) -> 82.5623 | G53: =VLOOKUP(A53, Pollution!A:B, 2, FALSE) -> 43.6 | I53: =VLOOKUP(A53, English!A:C, 3, FALSE) -> 538 | J53: =VLOOKUP(A53, Openness!A:C, 2, FALSE) -> #N/A | K53: =VLOOKUP(A53, Scenic!A:B, 2, FALSE) -> 56 | L53: =VLOOKUP(A53, Disaster!A:H, 3, FALSE) -> 4.97
A54: Costa Rica | B54: 996.61 | C54: =VLOOKUP(A54, Sheet1!A:B, 2, FALSE) -> 36.1 | D54: =VLOOKUP(A54, Safety!A:B, 2, FALSE) -> 45.9 | E54: =VLOOKUP(A54, Health!A:B, 2, FALSE) -> 64.3 | F54: =VLOOKUP(A54, Political!A:H, 8, FALSE) -> 71.489674 | G54: =VLOOKUP(A54, Pollution!A:B, 2, FALSE) -> 42.9 | H54: 3134 | I54: =VLOOKUP(A54, English!A:C, 3, FALSE) -> 534 | J54: =VLOOKUP(A54, Openness!A:C, 2, FALSE) -> 1 | K54: =VLOOKUP(A54, Scenic!A:B, 2, FALSE) -> 24 | L54: =VLOOKUP(A54, Disaster!A:H, 3, FALSE) -> 11.17
A55: Chile | B55: 930.84 | C55: =VLOOKUP(A55, Sheet1!A:B, 2, FALSE) -> 24.3 | D55: =VLOOKUP(A55, Safety!A:B, 2, FALSE) -> 39.5 | E55: =VLOOKUP(A55, Health!A:B, 2, FALSE) -> 63.5 | F55: =VLOOKUP(A55, Political!A:H, 8, FALSE) -> 72.475986 | G55: =VLOOKUP(A55, Pollution!A:B, 2, FALSE) -> 77.6 | H55: 3478 | I55: =VLOOKUP(A55, English!A:C, 3, FALSE) -> 525 | J55: =VLOOKUP(A55, Openness!A:C, 2, FALSE) -> 43 | K55: =VLOOKUP(A55, Scenic!A:B, 2, FALSE) -> 31 | L55: =VLOOKUP(A55, Disaster!A:H, 3, FALSE) -> 13.74
A56: Panama | B56: 927.5 | C56: =VLOOKUP(A56, Sheet1!A:B, 2, FALSE) -> 34.4 | D56: =VLOOKUP(A56, Safety!A:B, 2, FALSE) -> 57.3 | E56: =VLOOKUP(A56, Health!A:B, 2, FALSE) -> 60.7 | F56: =VLOOKUP(A56, Political!A:H, 8, FALSE) -> 47.300576 | G56: =VLOOKUP(A56, Pollution!A:B, 2, FALSE) -> 55.6 | H56: 1115 | I56: =VLOOKUP(A56, English!A:C, 3, FALSE) -> 488 | J56: =VLOOKUP(A56, Openness!A:C, 2, FALSE) -> 7 | K56: =VLOOKUP(A56, Scenic!A:B, 2, FALSE) -> 44 | L56: =VLOOKUP(A56, Disaster!A:H, 3, FALSE) -> 18.19
A57: Montenegro | B57: 920.03 | C57: =VLOOKUP(A57, Sheet1!A:B, 2, FALSE) -> 26.8 | D57: =VLOOKUP(A57, Safety!A:B, 2, FALSE) -> 64.6 | E57: =VLOOKUP(A57, Health!A:B, 2, FALSE) -> #N/A | F57: =VLOOKUP(A57, Political!A:H, 8, FALSE) -> 55.908396 | G57: =VLOOKUP(A57, Pollution!A:B, 2, FALSE) -> 45.2 | H57: 2507 | I57: =VLOOKUP(A57, English!A:C, 3, FALSE) -> #N/A | J57: =VLOOKUP(A57, Openness!A:C, 2, FALSE) -> #N/A | K57: =VLOOKUP(A57, Scenic!A:B, 2, FALSE) -> #N/A | L57: =VLOOKUP(A57, Disaster!A:H, 3, FALSE) -> 2.9
A58: Trinidad And Tobago | B58: 897.13 | C58: =VLOOKUP(A58, Sheet1!A:B, 2, FALSE) -> 33.3 | D58: =VLOOKUP(A58, Safety!A:B, 2, FALSE) -> 29.1 | E58: =VLOOKUP(A58, Health!A:B, 2, FALSE) -> 54.3 | F58: =VLOOKUP(A58, Political!A:H, 8, FALSE) -> 50.939524 | G58: =VLOOKUP(A58, Pollution!A:B, 2, FALSE) -> 66.7 | I58: =VLOOKUP(A58, English!A:C, 3, FALSE) -> #N/A | J58: =VLOOKUP(A58, Openness!A:C, 2, FALSE) -> #N/A | K58: =VLOOKUP(A58, Scenic!A:B, 2, FALSE) -> #N/A | L58: =VLOOKUP(A58, Disaster!A:H, 3, FALSE) -> 3
A59: Serbia | B59: 888.27 | C59: =VLOOKUP(A59, Sheet1!A:B, 2, FALSE) -> 25.4 | D59: =VLOOKUP(A59, Safety!A:B, 2, FALSE) -> 62.8 | E59: =VLOOKUP(A59, Health!A:B, 2, FALSE) -> 52.1 | F59: =VLOOKUP(A59, Political!A:H, 8, FALSE) -> 47.878468 | G59: =VLOOKUP(A59, Pollution!A:B, 2, FALSE) -> 65.2 | H59: 2506 | I59: =VLOOKUP(A59, English!A:C, 3, FALSE) -> 568 | J59: =VLOOKUP(A59, Openness!A:C, 2, FALSE) -> #N/A | K59: =VLOOKUP(A59, Scenic!A:B, 2, FALSE) -> 72 | L59: =VLOOKUP(A59, Disaster!A:H, 3, FALSE) -> 1.68
A60: Mexico | B60: 826.22 | C60: =VLOOKUP(A60, Sheet1!A:B, 2, FALSE) -> 25.4 | D60: =VLOOKUP(A60, Safety!A:B, 2, FALSE) -> 46.6 | E60: =VLOOKUP(A60, Health!A:B, 2, FALSE) -> 72.5 | F60: =VLOOKUP(A60, Political!A:H, 8, FALSE) -> 32.672959 | G60: =VLOOKUP(A60, Pollution!A:B, 2, FALSE) -> 58.2 | H60: 3462 | I60: =VLOOKUP(A60, English!A:C, 3, FALSE) -> 459 | J60: =VLOOKUP(A60, Openness!A:C, 2, FALSE) -> 2 | K60: =VLOOKUP(A60, Scenic!A:B, 2, FALSE) -> 19 | L60: =VLOOKUP(A60, Disaster!A:H, 3, FALSE) -> 35.93
A61: India | B61: 823.76 | C61: =VLOOKUP(A61, Sheet1!A:B, 2, FALSE) -> 13.1 | D61: =VLOOKUP(A61, Safety!A:B, 2, FALSE) -> 55.7 | E61: =VLOOKUP(A61, Health!A:B, 2, FALSE) -> 65.5 | F61: =VLOOKUP(A61, Political!A:H, 8, FALSE) -> 47.588909 | G61: =VLOOKUP(A61, Pollution!A:B, 2, FALSE) -> 72.8 | H61: 1771 | I61: =VLOOKUP(A61, English!A:C, 3, FALSE) -> 490 | J61: =VLOOKUP(A61, Openness!A:C, 2, FALSE) -> 26 | K61: =VLOOKUP(A61, Scenic!A:B, 2, FALSE) -> 48 | L61: =VLOOKUP(A61, Disaster!A:H, 3, FALSE) -> 40.96
A62: Russia | B62: 792.5 | C62: =VLOOKUP(A62, Sheet1!A:B, 2, FALSE) -> 15.8 | D62: =VLOOKUP(A62, Safety!A:B, 2, FALSE) -> 61.3 | E62: =VLOOKUP(A62, Health!A:B, 2, FALSE) -> 61.5 | F62: =VLOOKUP(A62, Political!A:H, 8, FALSE) -> 15.581095 | G62: =VLOOKUP(A62, Pollution!A:B, 2, FALSE) -> 59.3 | H62: 1918 | I62: =VLOOKUP(A62, English!A:C, 3, FALSE) -> 532 | J62: =VLOOKUP(A62, Openness!A:C, 2, FALSE) -> #N/A | K62: =VLOOKUP(A62, Scenic!A:B, 2, FALSE) -> 66 | L62: =VLOOKUP(A62, Disaster!A:H, 3, FALSE) -> 28.12
A63: Turkey | B63: 791.88 | C63: =VLOOKUP(A63, Sheet1!A:B, 2, FALSE) -> 25 | D63: =VLOOKUP(A63, Safety!A:B, 2, FALSE) -> 58.8 | E63: =VLOOKUP(A63, Health!A:B, 2, FALSE) -> 71.2 | F63: =VLOOKUP(A63, Political!A:H, 8, FALSE) -> 31.929043 | G63: =VLOOKUP(A63, Pollution!A:B, 2, FALSE) -> 64.3 | H63: 2593 | I63: =VLOOKUP(A63, English!A:C, 3, FALSE) -> 497 | J63: =VLOOKUP(A63, Openness!A:C, 2, FALSE) -> 40 | K63: =VLOOKUP(A63, Scenic!A:B, 2, FALSE) -> 15 | L63: =VLOOKUP(A63, Disaster!A:H, 3, FALSE) -> 14.48
A64: Bosnia And Herzegovina | B64: 774.99 | C64: =VLOOKUP(A64, Sheet1!A:B, 2, FALSE) -> 20.3 | D64: =VLOOKUP(A64, Safety!A:B, 2, FALSE) -> 58.3 | E64: =VLOOKUP(A64, Health!A:B, 2, FALSE) -> 55.6 | F64: =VLOOKUP(A64, Political!A:H, 8, FALSE) -> 33.677014 | G64: =VLOOKUP(A64, Pollution!A:B, 2, FALSE) -> 59.8 | H64: 2412 | I64: =VLOOKUP(A64, English!A:C, 3, FALSE) -> #N/A | J64: =VLOOKUP(A64, Openness!A:C, 2, FALSE) -> #N/A | K64: =VLOOKUP(A64, Scenic!A:B, 2, FALSE) -> #N/A | L64: =VLOOKUP(A64, Disaster!A:H, 3, FALSE) -> 2.49
A65: Mauritius | B65: 741.51 | C65: =VLOOKUP(A65, Sheet1!A:B, 2, FALSE) -> 24.1 | D65: =VLOOKUP(A65, Safety!A:B, 2, FALSE) -> 50 | E65: =VLOOKUP(A65, Health!A:B, 2, FALSE) -> #N/A | F65: =VLOOKUP(A65, Political!A:H, 8, FALSE) -> 73.748596 | G65: =VLOOKUP(A65, Pollution!A:B, 2, FALSE) -> 54.8 | I65: =VLOOKUP(A65, English!A:C, 3, FALSE) -> #N/A | J65: =VLOOKUP(A65, Openness!A:C, 2, FALSE) -> #N/A | K65: =VLOOKUP(A65, Scenic!A:B, 2, FALSE) -> #N/A | L65: =VLOOKUP(A65, Disaster!A:H, 3, FALSE) -> 3.58
A66: Jordan | B66: 716.25 | C66: =VLOOKUP(A66, Sheet1!A:B, 2, FALSE) -> 24.1 | D66: =VLOOKUP(A66, Safety!A:B, 2, FALSE) -> 60 | E66: =VLOOKUP(A66, Health!A:B, 2, FALSE) -> 65.2 | F66: =VLOOKUP(A66, Political!A:H, 8, FALSE) -> 51.144631 | G66: =VLOOKUP(A66, Pollution!A:B, 2, FALSE) -> 77.5 | H66: 2962 | I66: =VLOOKUP(A66, English!A:C, 3, FALSE) -> 431 | J66: =VLOOKUP(A66, Openness!A:C, 2, FALSE) -> #N/A | K66: =VLOOKUP(A66, Scenic!A:B, 2, FALSE) -> 63 | L66: =VLOOKUP(A66, Disaster!A:H, 3, FALSE) -> 3.61
A67: North Macedonia | B67: 703 | C67: =VLOOKUP(A67, Sheet1!A:B, 2, FALSE) -> 19.9 | D67: =VLOOKUP(A67, Safety!A:B, 2, FALSE) -> 58.9 | E67: =VLOOKUP(A67, Health!A:B, 2, FALSE) -> 55.1 | F67: =VLOOKUP(A67, Political!A:H, 8, FALSE) -> 51.241066 | G67: =VLOOKUP(A67, Pollution!A:B, 2, FALSE) -> 79.6 | H67: 2553 | I67: =VLOOKUP(A67, English!A:C, 3, FALSE) -> #N/A | J67: =VLOOKUP(A67, Openness!A:C, 2, FALSE) -> #N/A | K67: =VLOOKUP(A67, Scenic!A:B, 2, FALSE) -> #N/A | L67: =VLOOKUP(A67, Disaster!A:H, 3, FALSE) -> 1.29
A68: Albania | B68: 691.2 | C68: =VLOOKUP(A68, Sheet1!A:B, 2, FALSE) -> 27.4 | D68: =VLOOKUP(A68, Safety!A:B, 2, FALSE) -> 55.3 | E68: =VLOOKUP(A68, Health!A:B, 2, FALSE) -> 48.2 | F68: =VLOOKUP(A68, Political!A:H, 8, FALSE) -> 52.266534 | G68: =VLOOKUP(A68, Pollution!A:B, 2, FALSE) -> 77.2 | H68: 2714 | I68: =VLOOKUP(A68, English!A:C, 3, FALSE) -> 533 | J68: =VLOOKUP(A68, Openness!A:C, 2, FALSE) -> #N/A | K68: =VLOOKUP(A68, Scenic!A:B, 2, FALSE) -> #N/A | L68: =VLOOKUP(A68, Disaster!A:H, 3, FALSE) -> 6.24
A69: Moldova | B69: 644.82 | C69: =VLOOKUP(A69, Sheet1!A:B, 2, FALSE) -> 22.7 | D69: =VLOOKUP(A69, Safety!A:B, 2, FALSE) -> 55.7 | E69: =VLOOKUP(A69, Health!A:B, 2, FALSE) -> #N/A | F69: =VLOOKUP(A69, Political!A:H, 8, FALSE) -> 44.864338 | G69: =VLOOKUP(A69, Pollution!A:B, 2, FALSE) -> 62.6 | H69: 2369 | I69: =VLOOKUP(A69, English!A:C, 3, FALSE) -> 536 | J69: =VLOOKUP(A69, Openness!A:C, 2, FALSE) -> #N/A | K69: =VLOOKUP(A69, Scenic!A:B, 2, FALSE) -> #N/A | L69: =VLOOKUP(A69, Disaster!A:H, 3, FALSE) -> 1.29
A70: Kazakhstan | B70: 644.53 | C70: =VLOOKUP(A70, Sheet1!A:B, 2, FALSE) -> 19.4 | D70: =VLOOKUP(A70, Safety!A:B, 2, FALSE) -> 54.8 | E70: =VLOOKUP(A70, Health!A:B, 2, FALSE) -> 60.7 | F70: =VLOOKUP(A70, Political!A:H, 8, FALSE) -> 42.066857 | G70: =VLOOKUP(A70, Pollution!A:B, 2, FALSE) -> 73.2 | H70: 2138 | I70: =VLOOKUP(A70, English!A:C, 3, FALSE) -> 427 | J70: =VLOOKUP(A70, Openness!A:C, 2, FALSE) -> #N/A | K70: =VLOOKUP(A70, Scenic!A:B, 2, FALSE) -> 75 | L70: =VLOOKUP(A70, Disaster!A:H, 3, FALSE) -> 1.94
A71: Thailand | B71: 632.23 | C71: =VLOOKUP(A71, Sheet1!A:B, 2, FALSE) -> 24.1 | D71: =VLOOKUP(A71, Safety!A:B, 2, FALSE) -> 62.7 | E71: =VLOOKUP(A71, Health!A:B, 2, FALSE) -> 77.5 | F71: =VLOOKUP(A71, Political!A:H, 8, FALSE) -> 46.794256 | G71: =VLOOKUP(A71, Pollution!A:B, 2, FALSE) -> 75.7 | H71: 660 | I71: =VLOOKUP(A71, English!A:C, 3, FALSE) -> 415 | J71: =VLOOKUP(A71, Openness!A:C, 2, FALSE) -> 6 | K71: =VLOOKUP(A71, Scenic!A:B, 2, FALSE) -> 6 | L71: =VLOOKUP(A71, Disaster!A:H, 3, FALSE) -> 21.7
A72: Belarus | B72: 626.51 | C72: =VLOOKUP(A72, Sheet1!A:B, 2, FALSE) -> 17.8 | D72: =VLOOKUP(A72, Safety!A:B, 2, FALSE) -> 50.2 | E72: =VLOOKUP(A72, Health!A:B, 2, FALSE) -> 48.5 | F72: =VLOOKUP(A72, Political!A:H, 8, FALSE) -> 13.875673 | G72: =VLOOKUP(A72, Pollution!A:B, 2, FALSE) -> 45.2 | H72: 1968 | I72: =VLOOKUP(A72, English!A:C, 3, FALSE) -> 539 | J72: =VLOOKUP(A72, Openness!A:C, 2, FALSE) -> #N/A | K72: =VLOOKUP(A72, Scenic!A:B, 2, FALSE) -> 82 | L72: =VLOOKUP(A72, Disaster!A:H, 3, FALSE) -> 0.76
A73: Lebanon | B73: 562.5 | C73: =VLOOKUP(A73, Sheet1!A:B, 2, FALSE) -> 27.7 | D73: =VLOOKUP(A73, Safety!A:B, 2, FALSE) -> 53.2 | E73: =VLOOKUP(A73, Health!A:B, 2, FALSE) -> 63.7 | F73: =VLOOKUP(A73, Political!A:H, 8, FALSE) -> 14.195391 | G73: =VLOOKUP(A73, Pollution!A:B, 2, FALSE) -> 89.4 | I73: =VLOOKUP(A73, English!A:C, 3, FALSE) -> 492 | J73: =VLOOKUP(A73, Openness!A:C, 2, FALSE) -> #N/A | K73: =VLOOKUP(A73, Scenic!A:B, 2, FALSE) -> 73 | L73: =VLOOKUP(A73, Disaster!A:H, 3, FALSE) -> 3.87
A74: Armenia | B74: 557.97 | C74: =VLOOKUP(A74, Sheet1!A:B, 2, FALSE) -> 29.9 | D74: =VLOOKUP(A74, Safety!A:B, 2, FALSE) -> 77.9 | E74: =VLOOKUP(A74, Health!A:B, 2, FALSE) -> 59 | F74: =VLOOKUP(A74, Political!A:H, 8, FALSE) -> 45.063665 | G74: =VLOOKUP(A74, Pollution!A:B, 2, FALSE) -> 62.6 | H74: 2311 | I74: =VLOOKUP(A74, English!A:C, 3, FALSE) -> 537 | J74: =VLOOKUP(A74, Openness!A:C, 2, FALSE) -> #N/A | K74: =VLOOKUP(A74, Scenic!A:B, 2, FALSE) -> #N/A | L74: =VLOOKUP(A74, Disaster!A:H, 3, FALSE) -> 2.61
A75: Argentina | B75: 557.94 | C75: =VLOOKUP(A75, Sheet1!A:B, 2, FALSE) -> 24.3 | D75: =VLOOKUP(A75, Safety!A:B, 2, FALSE) -> 36.6 | E75: =VLOOKUP(A75, Health!A:B, 2, FALSE) -> 68 | F75: =VLOOKUP(A75, Political!A:H, 8, FALSE) -> 42.726091 | G75: =VLOOKUP(A75, Pollution!A:B, 2, FALSE) -> 50.9 | H75: 3231 | I75: =VLOOKUP(A75, English!A:C, 3, FALSE) -> 562 | J75: =VLOOKUP(A75, Openness!A:C, 2, FALSE) -> #N/A | K75: =VLOOKUP(A75, Scenic!A:B, 2, FALSE) -> 26 | L75: =VLOOKUP(A75, Disaster!A:H, 3, FALSE) -> 14.81
A76: Georgia | B76: 539.49 | C76: =VLOOKUP(A76, Sheet1!A:B, 2, FALSE) -> 22.6 | D76: =VLOOKUP(A76, Safety!A:B, 2, FALSE) -> 73.7 | E76: =VLOOKUP(A76, Health!A:B, 2, FALSE) -> 55.6 | F76: =VLOOKUP(A76, Political!A:H, 8, FALSE) -> 60.862805 | G76: =VLOOKUP(A76, Pollution!A:B, 2, FALSE) -> 68.6 | H76: 2407 | I76: =VLOOKUP(A76, English!A:C, 3, FALSE) -> 543 | J76: =VLOOKUP(A76, Openness!A:C, 2, FALSE) -> #N/A | K76: =VLOOKUP(A76, Scenic!A:B, 2, FALSE) -> #N/A | L76: =VLOOKUP(A76, Disaster!A:H, 3, FALSE) -> 3.74
A77: Peru | B77: 530.59 | C77: =VLOOKUP(A77, Sheet1!A:B, 2, FALSE) -> 20.5 | D77: =VLOOKUP(A77, Safety!A:B, 2, FALSE) -> 32.9 | E77: =VLOOKUP(A77, Health!A:B, 2, FALSE) -> 56.3 | F77: =VLOOKUP(A77, Political!A:H, 8, FALSE) -> 37.122837 | G77: =VLOOKUP(A77, Pollution!A:B, 2, FALSE) -> 82.5 | H77: 4029 | I77: =VLOOKUP(A77, English!A:C, 3, FALSE) -> 519 | J77: =VLOOKUP(A77, Openness!A:C, 2, FALSE) -> #N/A | K77: =VLOOKUP(A77, Scenic!A:B, 2, FALSE) -> 22 | L77: =VLOOKUP(A77, Disaster!A:H, 3, FALSE) -> 27.01
A78: Kosovo (Disputed Territory) | B78: 527.49 | C78: =VLOOKUP(A78, Sheet1!A:B, 2, FALSE) -> 17.3 | D78: =VLOOKUP(A78, Safety!A:B, 2, FALSE) -> 59.2 | E78: =VLOOKUP(A78, Health!A:B, 2, FALSE) -> #N/A | F78: =VLOOKUP(A78, Political!A:H, 8, FALSE) -> 42.751333 | G78: =VLOOKUP(A78, Pollution!A:B, 2, FALSE) -> #N/A | H78: 2421 | I78: =VLOOKUP(A78, English!A:C, 3, FALSE) -> #N/A | J78: =VLOOKUP(A78, Openness!A:C, 2, FALSE) -> #N/A | K78: =VLOOKUP(A78, Scenic!A:B, 2, FALSE) -> #N/A | L78: =VLOOKUP(A78, Disaster!A:H, 3, FALSE) -> #N/A
A79: Brazil | B79: 512.56 | C79: =VLOOKUP(A79, Sheet1!A:B, 2, FALSE) -> 17.4 | D79: =VLOOKUP(A79, Safety!A:B, 2, FALSE) -> 35.5 | E79: =VLOOKUP(A79, Health!A:B, 2, FALSE) -> 59.1 | F79: =VLOOKUP(A79, Political!A:H, 8, FALSE) -> 39.470808 | G79: =VLOOKUP(A79, Pollution!A:B, 2, FALSE) -> 52.5 | H79: 2930 | I79: =VLOOKUP(A79, English!A:C, 3, FALSE) -> 466 | J79: =VLOOKUP(A79, Openness!A:C, 2, FALSE) -> 5 | K79: =VLOOKUP(A79, Scenic!A:B, 2, FALSE) -> 12 | L79: =VLOOKUP(A79, Disaster!A:H, 3, FALSE) -> 13.15
A80: Ecuador | B80: 509.62 | C80: =VLOOKUP(A80, Sheet1!A:B, 2, FALSE) -> 20.3 | D80: =VLOOKUP(A80, Safety!A:B, 2, FALSE) -> 37.5 | E80: =VLOOKUP(A80, Health!A:B, 2, FALSE) -> 77.1 | F80: =VLOOKUP(A80, Political!A:H, 8, FALSE) -> 30.020159 | G80: =VLOOKUP(A80, Pollution!A:B, 2, FALSE) -> 58.8 | H80: 2446 | I80: =VLOOKUP(A80, English!A:C, 3, FALSE) -> 465 | J80: =VLOOKUP(A80, Openness!A:C, 2, FALSE) -> #N/A | K80: =VLOOKUP(A80, Scenic!A:B, 2, FALSE) -> 52 | L80: =VLOOKUP(A80, Disaster!A:H, 3, FALSE) -> 23.81
A81: Iraq | B81: 497.47 | C81: =VLOOKUP(A81, Sheet1!A:B, 2, FALSE) -> 18.2 | D81: =VLOOKUP(A81, Safety!A:B, 2, FALSE) -> 56.9 | E81: =VLOOKUP(A81, Health!A:B, 2, FALSE) -> 45.9 | F81: =VLOOKUP(A81, Political!A:H, 8, FALSE) -> 8.8762618 | G81: =VLOOKUP(A81, Pollution!A:B, 2, FALSE) -> 72.5 | H81: 2113 | I81: =VLOOKUP(A81, English!A:C, 3, FALSE) -> 414 | J81: =VLOOKUP(A81, Openness!A:C, 2, FALSE) -> #N/A | K81: =VLOOKUP(A81, Scenic!A:B, 2, FALSE) -> #N/A | L81: =VLOOKUP(A81, Disaster!A:H, 3, FALSE) -> 9.24
A82: Ukraine | B82: 485.26 | C82: =VLOOKUP(A82, Sheet1!A:B, 2, FALSE) -> 17.1 | D82: =VLOOKUP(A82, Safety!A:B, 2, FALSE) -> 53 | E82: =VLOOKUP(A82, Health!A:B, 2, FALSE) -> 55.9 | F82: =VLOOKUP(A82, Political!A:H, 8, FALSE) -> 30.072387 | G82: =VLOOKUP(A82, Pollution!A:B, 2, FALSE) -> 62.1 | H82: 2248 | I82: =VLOOKUP(A82, English!A:C, 3, FALSE) -> 535 | J82: =VLOOKUP(A82, Openness!A:C, 2, FALSE) -> #N/A | K82: =VLOOKUP(A82, Scenic!A:B, 2, FALSE) -> 86 | L82: =VLOOKUP(A82, Disaster!A:H, 3, FALSE) -> 4.41
A83: Morocco | B83: 478.72 | C83: =VLOOKUP(A83, Sheet1!A:B, 2, FALSE) -> 18.3 | D83: =VLOOKUP(A83, Safety!A:B, 2, FALSE) -> 52.2 | E83: =VLOOKUP(A83, Health!A:B, 2, FALSE) -> 46.8 | F83: =VLOOKUP(A83, Political!A:H, 8, FALSE) -> 41.119786 | G83: =VLOOKUP(A83, Pollution!A:B, 2, FALSE) -> 68.7 | H83: 3506 | I83: =VLOOKUP(A83, English!A:C, 3, FALSE) -> 479 | J83: =VLOOKUP(A83, Openness!A:C, 2, FALSE) -> #N/A | K83: =VLOOKUP(A83, Scenic!A:B, 2, FALSE) -> 30 | L83: =VLOOKUP(A83, Disaster!A:H, 3, FALSE) -> 10.43
A84: Uzbekistan | B84: 469 | C84: =VLOOKUP(A84, Sheet1!A:B, 2, FALSE) -> 18.8 | D84: =VLOOKUP(A84, Safety!A:B, 2, FALSE) -> 72.1 | E84: =VLOOKUP(A84, Health!A:B, 2, FALSE) -> #N/A | F84: =VLOOKUP(A84, Political!A:H, 8, FALSE) -> 28.411004 | G84: =VLOOKUP(A84, Pollution!A:B, 2, FALSE) -> 54.3 | H84: 2281 | I84: =VLOOKUP(A84, English!A:C, 3, FALSE) -> 439 | J84: =VLOOKUP(A84, Openness!A:C, 2, FALSE) -> #N/A | K84: =VLOOKUP(A84, Scenic!A:B, 2, FALSE) -> 77 | L84: =VLOOKUP(A84, Disaster!A:H, 3, FALSE) -> 1.52
A85: Azerbaijan | B85: 466.32 | C85: =VLOOKUP(A85, Sheet1!A:B, 2, FALSE) -> 20.4 | D85: =VLOOKUP(A85, Safety!A:B, 2, FALSE) -> 68.2 | E85: =VLOOKUP(A85, Health!A:B, 2, FALSE) -> 48.3 | F85: =VLOOKUP(A85, Political!A:H, 8, FALSE) -> 28.060157 | G85: =VLOOKUP(A85, Pollution!A:B, 2, FALSE) -> 72.7 | H85: 2247 | I85: =VLOOKUP(A85, English!A:C, 3, FALSE) -> 462 | J85: =VLOOKUP(A85, Openness!A:C, 2, FALSE) -> #N/A | K85: =VLOOKUP(A85, Scenic!A:B, 2, FALSE) -> 68 | L85: =VLOOKUP(A85, Disaster!A:H, 3, FALSE) -> 2.23
... A92: Zimbabwe | B92: 355.56 | C92: =VLOOKUP(A92, Sheet1!A:B, 2, FALSE) -> 23.1 | D92: =VLOOKUP(A92, Safety!A:B, 2, FALSE) -> 39.3 | E92: =VLOOKUP(A92, Health!A:B, 2, FALSE) -> #N/A | F92: =VLOOKUP(A92, Political!A:H, 8, FALSE) -> 12.553543 | G92: =VLOOKUP(A92, Pollution!A:B, 2, FALSE) -> 78.4 | H92: 3684 | I92: =VLOOKUP(A92, English!A:C, 3, FALSE) -> #N/A | J92: =VLOOKUP(A92, Openness!A:C, 2, FALSE) -> #N/A | K92: =VLOOKUP(A92, Scenic!A:B, 2, FALSE) -> 71 | L92: =VLOOKUP(A92, Disaster!A:H, 3, FALSE) -> 2.62
A93: Libya | B93: 347.57 | C93: =VLOOKUP(A93, Sheet1!A:B, 2, FALSE) -> 12.1 | D93: =VLOOKUP(A93, Safety!A:B, 2, FALSE) -> 43.6 | E93: =VLOOKUP(A93, Health!A:B, 2, FALSE) -> #N/A | F93: =VLOOKUP(A93, Political!A:H, 8, FALSE) -> 4.6247616 | G93: =VLOOKUP(A93, Pollution!A:B, 2, FALSE) -> #N/A | I93: =VLOOKUP(A93, English!A:C, 3, FALSE) -> 405 | J93: =VLOOKUP(A93, Openness!A:C, 2, FALSE) -> #N/A | K93: =VLOOKUP(A93, Scenic!A:B, 2, FALSE) -> #N/A | L93: =VLOOKUP(A93, Disaster!A:H, 3, FALSE) -> 13.87
A94: Indonesia | B94: 325.8 | C94: =VLOOKUP(A94, Sheet1!A:B, 2, FALSE) -> 17.1 | D94: =VLOOKUP(A94, Safety!A:B, 2, FALSE) -> 54 | E94: =VLOOKUP(A94, Health!A:B, 2, FALSE) -> 60.9 | F94: =VLOOKUP(A94, Political!A:H, 8, FALSE) -> 49.173362 | G94: =VLOOKUP(A94, Pollution!A:B, 2, FALSE) -> 67.6 | H94: 1023 | I94: =VLOOKUP(A94, English!A:C, 3, FALSE) -> 468 | J94: =VLOOKUP(A94, Openness!A:C, 2, FALSE) -> 4 | K94: =VLOOKUP(A94, Scenic!A:B, 2, FALSE) -> 27 | L94: =VLOOKUP(A94, Disaster!A:H, 3, FALSE) -> 41.13
A95: Tunisia | B95: 324.92 | C95: =VLOOKUP(A95, Sheet1!A:B, 2, FALSE) -> 16.3 | D95: =VLOOKUP(A95, Safety!A:B, 2, FALSE) -> 54.9 | E95: =VLOOKUP(A95, Health!A:B, 2, FALSE) -> 57.2 | F95: =VLOOKUP(A95, Political!A:H, 8, FALSE) -> 36.908621 | G95: =VLOOKUP(A95, Pollution!A:B, 2, FALSE) -> 70.2 | H95: 3026 | I95: =VLOOKUP(A95, English!A:C, 3, FALSE) -> 496 | J95: =VLOOKUP(A95, Openness!A:C, 2, FALSE) -> #N/A | K95: =VLOOKUP(A95, Scenic!A:B, 2, FALSE) -> 58 | L95: =VLOOKUP(A95, Disaster!A:H, 3, FALSE) -> 9.91
A96: Kenya | B96: 318.86 | C96: =VLOOKUP(A96, Sheet1!A:B, 2, FALSE) -> 19.1 | D96: =VLOOKUP(A96, Safety!A:B, 2, FALSE) -> 44 | E96: =VLOOKUP(A96, Health!A:B, 2, FALSE) -> 62 | F96: =VLOOKUP(A96, Political!A:H, 8, FALSE) -> 32.978007 | G96: =VLOOKUP(A96, Pollution!A:B, 2, FALSE) -> 69 | H96: 3871 | I96: =VLOOKUP(A96, English!A:C, 3, FALSE) -> 581 | J96: =VLOOKUP(A96, Openness!A:C, 2, FALSE) -> 9 | K96: =VLOOKUP(A96, Scenic!A:B, 2, FALSE) -> 49 | L96: =VLOOKUP(A96, Disaster!A:H, 3, FALSE) -> 13.79
A97: Algeria | B97: 311.09 | C97: =VLOOKUP(A97, Sheet1!A:B, 2, FALSE) -> 15.2 | D97: =VLOOKUP(A97, Safety!A:B, 2, FALSE) -> 47.4 | E97: =VLOOKUP(A97, Health!A:B, 2, FALSE) -> 54.5 | F97: =VLOOKUP(A97, Political!A:H, 8, FALSE) -> 24.213595 | G97: =VLOOKUP(A97, Pollution!A:B, 2, FALSE) -> 63.7 | H97: 3100 | I97: =VLOOKUP(A97, English!A:C, 3, FALSE) -> 471 | J97: =VLOOKUP(A97, Openness!A:C, 2, FALSE) -> #N/A | K97: =VLOOKUP(A97, Scenic!A:B, 2, FALSE) -> 80 | L97: =VLOOKUP(A97, Disaster!A:H, 3, FALSE) -> 9.64
A98: Bangladesh | B98: 271.78 | C98: =VLOOKUP(A98, Sheet1!A:B, 2, FALSE) -> 12.7 | D98: =VLOOKUP(A98, Safety!A:B, 2, FALSE) -> 38.4 | E98: =VLOOKUP(A98, Health!A:B, 2, FALSE) -> 42.2 | F98: =VLOOKUP(A98, Political!A:H, 8, FALSE) -> 22.826453 | G98: =VLOOKUP(A98, Pollution!A:B, 2, FALSE) -> 85.6 | H98: 1410 | I98: =VLOOKUP(A98, English!A:C, 3, FALSE) -> 500 | J98: =VLOOKUP(A98, Openness!A:C, 2, FALSE) -> #N/A | K98: =VLOOKUP(A98, Scenic!A:B, 2, FALSE) -> 85 | L98: =VLOOKUP(A98, Disaster!A:H, 3, FALSE) -> 27.73
A99: Iran | B99: 253.36 | C99: =VLOOKUP(A99, Sheet1!A:B, 2, FALSE) -> 16.8 | D99: =VLOOKUP(A99, Safety!A:B, 2, FALSE) -> 49.5 | E99: =VLOOKUP(A99, Health!A:B, 2, FALSE) -> 52.8 | F99: =VLOOKUP(A99, Political!A:H, 8, FALSE) -> 10.118555 | G99: =VLOOKUP(A99, Pollution!A:B, 2, FALSE) -> 75.3 | H99: 2389 | I99: =VLOOKUP(A99, English!A:C, 3, FALSE) -> 499 | J99: =VLOOKUP(A99, Openness!A:C, 2, FALSE) -> #N/A | K99: =VLOOKUP(A99, Scenic!A:B, 2, FALSE) -> 89 | L99: =VLOOKUP(A99, Disaster!A:H, 3, FALSE) -> 17.47
A100: Venezuela | B100: 243.75 | C100: =VLOOKUP(A100, Sheet1!A:B, 2, FALSE) -> 22.6 | D100: =VLOOKUP(A100, Safety!A:B, 2, FALSE) -> 19.3 | E100: =VLOOKUP(A100, Health!A:B, 2, FALSE) -> 38.7 | F100: =VLOOKUP(A100, Political!A:H, 8, FALSE) -> 4.7698305 | G100: =VLOOKUP(A100, Pollution!A:B, 2, FALSE) -> 75.6 | H100: 2821 | I100: =VLOOKUP(A100, English!A:C, 3, FALSE) -> 510 | J100: =VLOOKUP(A100, Openness!A:C, 2, FALSE) -> #N/A | K100: =VLOOKUP(A100, Scenic!A:B, 2, FALSE) -> #N/A | L100: =VLOOKUP(A100, Disaster!A:H, 3, FALSE) -> 24.2
A101: Nepal | B101: 228.51 | C101: =VLOOKUP(A101, Sheet1!A:B, 2, FALSE) -> 14.1 | D101: =VLOOKUP(A101, Safety!A:B, 2, FALSE) -> 63.3 | E101: =VLOOKUP(A101, Health!A:B, 2, FALSE) -> 57.7 | F101: =VLOOKUP(A101, Political!A:H, 8, FALSE) -> 33.889908 | G101: =VLOOKUP(A101, Pollution!A:B, 2, FALSE) -> 84.2 | H101: 3147 | I101: =VLOOKUP(A101, English!A:C, 3, FALSE) -> 512 | J101: =VLOOKUP(A101, Openness!A:C, 2, FALSE) -> #N/A | K101: =VLOOKUP(A101, Scenic!A:B, 2, FALSE) -> #N/A | L101: =VLOOKUP(A101, Disaster!A:H, 3, FALSE) -> 2.71
A102: Sri Lanka | B102: 197.61 | C102: =VLOOKUP(A102, Sheet1!A:B, 2, FALSE) -> 21.5 | D102: =VLOOKUP(A102, Safety!A:B, 2, FALSE) -> 57.9 | E102: =VLOOKUP(A102, Health!A:B, 2, FALSE) -> 71.4 | F102: =VLOOKUP(A102, Political!A:H, 8, FALSE) -> 38.241541 | G102: =VLOOKUP(A102, Pollution!A:B, 2, FALSE) -> 58.5 | I102: =VLOOKUP(A102, English!A:C, 3, FALSE) -> 486 | J102: =VLOOKUP(A102, Openness!A:C, 2, FALSE) -> #N/A | K102: =VLOOKUP(A102, Scenic!A:B, 2, FALSE) -> 37 | L102: =VLOOKUP(A102, Disaster!A:H, 3, FALSE) -> 6.16
A103: Ghana | B103: 189.88 | C103: =VLOOKUP(A103, Sheet1!A:B, 2, FALSE) -> 22.4 | D103: =VLOOKUP(A103, Safety!A:B, 2, FALSE) -> 54.6 | E103: =VLOOKUP(A103, Health!A:B, 2, FALSE) -> 57.4 | F103: =VLOOKUP(A103, Political!A:H, 8, FALSE) -> 49.946362 | G103: =VLOOKUP(A103, Pollution!A:B, 2, FALSE) -> 87 | H103: 1643 | I103: =VLOOKUP(A103, English!A:C, 3, FALSE) -> 534 | J103: =VLOOKUP(A103, Openness!A:C, 2, FALSE) -> #N/A | K103: =VLOOKUP(A103, Scenic!A:B, 2, FALSE) -> 81 | L103: =VLOOKUP(A103, Disaster!A:H, 3, FALSE) -> 2.94
A104: Pakistan | B104: 181.6 | C104: =VLOOKUP(A104, Sheet1!A:B, 2, FALSE) -> 11.2 | D104: =VLOOKUP(A104, Safety!A:B, 2, FALSE) -> 56.3 | E104: =VLOOKUP(A104, Health!A:B, 2, FALSE) -> 59.3 | F104: =VLOOKUP(A104, Political!A:H, 8, FALSE) -> 20.040054 | G104: =VLOOKUP(A104, Pollution!A:B, 2, FALSE) -> 73.2 | H104: 1908 | I104: =VLOOKUP(A104, English!A:C, 3, FALSE) -> 493 | J104: =VLOOKUP(A104, Openness!A:C, 2, FALSE) -> #N/A | K104: =VLOOKUP(A104, Scenic!A:B, 2, FALSE) -> #N/A | L104: =VLOOKUP(A104, Disaster!A:H, 3, FALSE) -> 27.02
A105: Uganda | B105: 177.32 | C105: =VLOOKUP(A105, Sheet1!A:B, 2, FALSE) -> 18.2 | D105: =VLOOKUP(A105, Safety!A:B, 2, FALSE) -> 45.9 | E105: =VLOOKUP(A105, Health!A:B, 2, FALSE) -> #N/A | F105: =VLOOKUP(A105, Political!A:H, 8, FALSE) -> 27.322897 | G105: =VLOOKUP(A105, Pollution!A:B, 2, FALSE) -> #N/A | H105: 3481 | I105: =VLOOKUP(A105, English!A:C, 3, FALSE) -> 518 | J105: =VLOOKUP(A105, Openness!A:C, 2, FALSE) -> #N/A | K105: =VLOOKUP(A105, Scenic!A:B, 2, FALSE) -> #N/A | L105: =VLOOKUP(A105, Disaster!A:H, 3, FALSE) -> 2.81
A106: Egypt | B106: 147.61 | C106: =VLOOKUP(A106, Sheet1!A:B, 2, FALSE) -> 12.2 | D106: =VLOOKUP(A106, Safety!A:B, 2, FALSE) -> 52.7 | E106: =VLOOKUP(A106, Health!A:B, 2, FALSE) -> 47.3 | F106: =VLOOKUP(A106, Political!A:H, 8, FALSE) -> 27.517973 | G106: =VLOOKUP(A106, Pollution!A:B, 2, FALSE) -> 82.7 | H106: 2896 | I106: =VLOOKUP(A106, English!A:C, 3, FALSE) -> 465 | J106: =VLOOKUP(A106, Openness!A:C, 2, FALSE) -> 14 | K106: =VLOOKUP(A106, Scenic!A:B, 2, FALSE) -> 16 | L106: =VLOOKUP(A106, Disaster!A:H, 3, FALSE) -> 18.78
...

Sheet Safety
A1: Country | B1: Safety index_2025
A2: Andorra | B2: 84.7
A3: United Arab Emirates | B3: 84.5
A4: Qatar | B4: 84.2
A5: Taiwan | B5: 82.9
A6: Oman | B6: 81.7
A7: Isle Of Man | B7: 79
A8: Hong Kong (China) | B8: 78.5
A9: Armenia | B9: 77.9
A10: Singapore | B10: 77.4
A11: Japan | B11: 77.1
A12: Monaco | B12: 76.7
A13: Estonia | B13: 76.3
... A148: Venezuela | B148: 19.3

Sheet Health
A1: Country | B1: Healthcare_2025
A2: Taiwan | B2: 86.5
A3: South Korea | B3: 82.8
A4: Japan | B4: 80
A5: Netherlands | B5: 79.3
A6: Denmark | B6: 78.4
A7: Austria | B7: 77.9
A8: France | B8: 77.7
A9: Finland | B9: 77.5
A10: Thailand | B10: 77.5
A11: Spain | B11: 77.3
A12: Ecuador | B12: 77.1
A13: Belgium | B13: 75.9
... A98: Venezuela | B98: 38.7

Sheet Political
A1: Country | B1: cc | C1: ge | D1: pv | E1: rl | F1: rq | G1: va | H1: Average | I1: Political stability_2023
A2: Afghanistan | B2: 13.679245 | C2: 1.4150944 | D2: 1.421801 | E2: 5.1886792 | F2: 9.4339619 | G2: 1.9607843 | H2: 5.5165943
A3: Albania | B3: 43.396225 | C3: 60.377357 | D3: 51.658768 | E3: 45.754719 | F3: 58.490566 | G3: 53.92157 | H3: 52.266534
A4: Algeria | B4: 30.188679 | C4: 27.35849 | D4: 23.22275 | E4: 26.415094 | F4: 16.037735 | G4: 22.058823 | H4: 24.213595
A5: American Samoa | B5: 87.735847 | C5: 73.113205 | D5: 91.94313 | E5: 85.377357 | F5: 68.396225 | H5: 81.313153
A6: Andorra | B6: 87.735847 | C6: 91.037735 | D6: 98.578201 | E6: 91.509438 | F6: 89.622643 | G6: 78.92157 | H6: 89.567572
A7: Angola | B7: 29.245283 | C7: 14.622642 | D7: 32.227489 | E7: 14.622642 | F7: 22.64151 | G7: 27.941177 | H7: 23.550124
A8: Anguilla | B8: 87.735847 | C8: 87.264153 | D8: 91.94313 | E8: 75 | F8: 79.245285 | H8: 84.237683
A9: Antigua and Barbuda | B9: 62.264153 | C9: 63.679245 | D9: 80.568718 | E9: 59.905659 | F9: 70.28302 | G9: 70.098038 | H9: 67.799805
A10: Argentina | B10: 41.981133 | C10: 36.320755 | D10: 41.706161 | E10: 37.735847 | F10: 35.377357 | G10: 63.235294 | H10: 42.726091
A11: Armenia | B11: 57.07547 | C11: 43.867924 | D11: 17.061611 | E11: 49.056602 | F11: 52.830189 | G11: 50.490196 | H11: 45.063665
A12: Aruba | B12: 75.471695 | C12: 78.301888 | D12: 97.630333 | E12: 87.264153 | F12: 80.188683 | G12: 80.392159 | H12: 83.208151
A13: Australia | B13: 95.754715 | C13: 93.867928 | D13: 79.62085 | E13: 91.981133 | F13: 99.528305 | G13: 96.07843 | H13: 92.805227
A14: Austria | B14: 83.490562 | C14: 89.622643 | D14: 71.56398 | E14: 97.169815 | F14: 90.094337 | G14: 93.627449 | H14: 87.594798
A15: Azerbaijan | B15: 12.264151 | C15: 50.471699 | D15: 18.00948 | E15: 29.245283 | F15: 49.056602 | G15: 9.3137255 | H15: 28.060157
A16: Bahamas, The | B16: 88.20755 | C16: 61.792454 | D16: 84.834122 | E16: 55.660378 | F16: 51.886791 | G16: 74.019608 | H16: 69.40015
A17: Bahrain | B17: 59.433964 | C17: 74.528305 | D17: 29.383886 | E17: 65.56604 | F17: 83.962265 | G17: 11.274509 | H17: 54.024828
A18: Bangladesh | B18: 14.622642 | C18: 26.886793 | D18: 15.639811 | E18: 33.490566 | F18: 18.867924 | G18: 27.450981 | H18: 22.826453
A19: Barbados | B19: 89.622643 | C19: 64.15094 | D19: 93.83886 | E19: 62.264153 | F19: 67.452827 | G19: 87.254906 | H19: 77.430721
A20: Belarus | B20: 26.886793 | C20: 15.094339 | D20: 18.483412 | E20: 11.320755 | F20: 7.5471697 | G20: 3.9215686 | H20: 13.875673
... A23: Benin | B23: 52.830189 | C23: 42.452831 | D23: 31.753555 | E23: 33.018867 | F23: 40.566036 | G23: 40.196079 | H23: 40.13626
A24: Bermuda | B24: 87.735847 | C24: 87.264153 | D24: 86.729858 | E24: 75 | F24: 79.245285 | H24: 83.195029
A25: Bhutan | B25: 91.037735 | C25: 69.339622 | D25: 83.412323 | E25: 72.64151 | F25: 36.792454 | G25: 54.901962 | H25: 68.020934
A26: Bolivia | B26: 21.698112 | C26: 29.245283 | D26: 35.071091 | E26: 11.792453 | F26: 11.792453 | G26: 39.215687 | H26: 24.802513
A27: Bosnia and Herzegovina | B27: 30.660378 | C27: 15.566038 | D27: 31.279621 | E27: 39.622643 | F27: 46.698112 | G27: 38.235294 | H27: 33.677014
A28: Botswana | B28: 73.584908 | C28: 66.981133 | D28: 87.203789 | E28: 61.320755 | F28: 66.981133 | G28: 62.745098 | H28: 69.802802
A29: Brazil | B29: 34.433964 | C29: 32.07547 | D29: 28.43602 | E29: 41.981133 | F29: 40.094341 | G29: 59.803921 | H29: 39.470808
A30: Brunei Darussalam | B30: 88.679245 | C30: 90.094337 | D30: 96.682465 | E30: 79.245285 | F30: 80.660378 | G30: 28.921568 | H30: 77.380546
A31: Bulgaria | B31: 50 | C31: 53.301888 | D31: 55.450237 | E31: 53.773586 | F31: 65.56604 | G31: 60.294117 | H31: 56.397645
A32: Burkina Faso | B32: 49.528301 | C32: 21.226416 | D32: 5.6872039 | E32: 24.528301 | F32: 34.905659 | G32: 25.490196 | H32: 26.894346
A33: Burundi | B33: 3.3018868 | C33: 11.320755 | D33: 12.796208 | E33: 10.849056 | F33: 15.566038 | G33: 11.764706 | H33: 10.933108
A34: Cambodia | B34: 9.4339619 | C34: 38.207546 | D34: 47.867298 | E34: 23.584906 | F34: 25.471699 | G34: 12.745098 | H34: 26.218418
A35: Cameroon | B35: 13.207547 | C35: 17.452829 | D35: 11.374408 | E35: 16.509434 | F35: 19.339622 | G35: 19.607843 | H35: 16.248614
A36: Canada | B36: 94.811317 | C36: 91.981133 | D36: 76.303314 | E36: 90.094337 | F36: 94.811317 | G36: 95.098038 | H36: 90.516576
... A77: Grenada | B77: 68.396225 | C77: 50.943398 | D77: 86.25592 | E77: 69.339622 | F77: 61.792454 | G77: 71.07843 | H77: 67.967675
A78: Guam | B78: 87.735847 | C78: 73.113205 | D78: 78.199051 | E78: 81.603775 | F78: 68.396225 | H78: 77.809621
A79: Guatemala | B79: 14.150944 | C79: 18.396227 | D79: 36.966824 | E79: 15.566038 | F79: 41.509434 | G79: 33.333332 | H79: 26.6538
A80: Guinea | B80: 20.283018 | C80: 16.981133 | D80: 16.113745 | E80: 14.150944 | F80: 13.207547 | G80: 17.647058 | H80: 16.397241
A81: Guinea-Bissau | B81: 12.735849 | C81: 8.0188675 | D81: 34.123222 | E81: 7.0754719 | F81: 9.9056606 | G81: 36.274509 | H81: 18.022264
A82: Guyana | B82: 40.566036 | C82: 39.622643 | D82: 43.601894 | E82: 40.566036 | F82: 31.603773 | G82: 52.941177 | H82: 41.483593
A83: Haiti | B83: 6.1320753 | C83: 0.94339621 | D83: 10.42654 | E83: 7.5471697 | F83: 8.4905663 | G83: 16.17647 | H83: 8.2860363
A84: Honduras | B84: 15.094339 | C84: 22.64151 | D84: 27.962086 | E84: 15.094339 | F84: 32.07547 | G84: 35.294117 | H84: 24.693644
A85: Hong Kong (China) | B85: 93.396225 | C85: 92.92453 | D85: 69.668243 | E85: 87.735847 | F85: 93.867928 | G85: 37.254902 | H85: 79.141279
A86: Hungary | B86: 54.71698 | C86: 62.735847 | D86: 72.037918 | E86: 63.207546 | F86: 62.735847 | G86: 59.313725 | H86: 62.457977
A87: Iceland | B87: 91.981133 | C87: 93.396225 | D87: 95.260666 | E87: 96.698112 | F87: 87.264153 | G87: 94.117645 | H87: 93.119656
A88: India | B88: 41.509434 | C88: 67.92453 | D88: 21.327015 | E88: 56.132076 | F88: 47.169811 | G88: 51.470589 | H88: 47.588909
A89: Indonesia | B89: 36.320755 | C89: 69.811317 | D89: 28.909952 | E89: 46.698112 | F89: 60.849056 | G89: 52.450981 | H89: 49.173362
A90: Iran | B90: 10.377358 | C90: 14.150944 | D90: 8.0568724 | E90: 16.037735 | F90: 4.2452831 | G90: 7.8431373 | H90: 10.118555
... A123: Marshall Islands | B123: 64.15094 | C123: 54.71698 | D123: 93.364929 | E123: 73.113205 | F123: 36.320755 | G123: 86.274513 | H123: 67.99022
A124: Martinique | B124: 70.754715 | C124: 73.113205 | D124: 61.611374 | E124: 75 | F124: 79.245285 | H124: 71.944916
A125: Mauritania | B125: 22.64151 | C125: 24.528301 | D125: 26.066351 | E125: 27.35849 | F125: 15.094339 | G125: 30.392157 | H125: 24.346858
A126: Mauritius | B126: 65.56604 | C126: 75 | D126: 74.881516 | E126: 77.830185 | F126: 82.547173 | G126: 66.666664 | H126: 73.748596
A127: Mexico | B127: 17.452829 | C127: 43.396225 | D127: 22.748816 | E127: 24.056604 | F127: 46.226414 | G127: 42.156864 | H127: 32.672959
A128: Micronesia, Fed. Sts. | B128: 78.301888 | C128: 59.433964 | D128: 89.573463 | E128: 72.169815 | F128: 30.660378 | G128: 83.823532 | H128: 68.99384
A129: Moldova | B129: 46.698112 | C129: 44.339622 | D129: 20.379147 | E129: 47.169811 | F129: 54.71698 | G129: 55.882355 | H129: 44.864338
A130: Monaco | B130: 87.735847 | C130: 99.056602 | D130: 93.364929 | E130: 91.509438 | F130: 89.622643 | G130: 69.607841 | H130: 88.482883
A131: Mongolia | B131: 35.377357 | C131: 33.962265 | D131: 67.298576 | E131: 43.867924 | F131: 45.754719 | G131: 56.372547 | H131: 47.105565
A132: Montenegro | B132: 51.886791 | C132: 59.905659 | D132: 48.815166 | E132: 52.35849 | F132: 64.15094 | G132: 58.333332 | H132: 55.908396
A133: Morocco | B133: 33.018867 | C133: 50 | D133: 29.857821 | E133: 48.584908 | F133: 50.943398 | G133: 34.313725 | H133: 41.119786
A134: Mozambique | B134: 22.169811 | C134: 25.943396 | D134: 11.848341 | E134: 17.452829 | F134: 24.528301 | G134: 31.862745 | H134: 22.300904
A135: Myanmar | B135: 11.792453 | C135: 3.7735848 | D135: 4.7393365 | E135: 6.1320753 | F135: 7.0754719 | G135: 2.4509804 | H135: 5.9939836
A136: Namibia | B136: 58.962265 | C136: 52.830189 | D136: 63.507111 | E136: 64.622643 | F136: 51.415092 | G136: 66.176468 | H136: 59.585628
... A139: Netherlands | B139: 96.226418 | C139: 95.754715 | D139: 68.720383 | E139: 94.339622 | F139: 97.169815 | G139: 96.568626 | H139: 91.463263
A140: Netherlands Antilles (former)
A141: New Zealand | B141: 98.584908 | C141: 92.452827 | D141: 96.208534 | E141: 95.754715 | F141: 98.584908 | G141: 99.509804 | H141: 96.849283
A142: Nicaragua | B142: 7.0754719 | C142: 13.207547 | D142: 42.180096 | E142: 9.4339619 | F142: 20.283018 | G142: 10.294118 | H142: 17.079035
A143: Niger | B143: 31.603773 | C143: 28.773584 | D143: 8.5308056 | E143: 25 | F143: 20.754717 | G143: 29.90196 | H143: 24.09414
A144: Nigeria | B144: 16.981133 | C144: 20.283018 | D144: 7.5829382 | E144: 20.283018 | F144: 16.981133 | G144: 32.35294 | H144: 19.077363
A145: Niue | B145: 49.056602 | C145: 83.962265 | E145: 31.132076 | F145: 55.188679 | H145: 54.834906
A146: North Macedonia | B146: 42.452831 | C146: 49.056602 | D146: 51.184834 | E146: 45.28302 | F146: 66.037735 | G146: 53.431374 | H146: 51.241066
A147: Norway | B147: 99.056602 | C147: 97.64151 | D147: 77.725121 | E147: 99.056602 | F147: 93.396225 | G147: 100 | H147: 94.479343
A148: Oman | B148: 60.849056 | C148: 62.264153 | D148: 65.876778 | E148: 70.28302 | F148: 66.509438 | G148: 21.078432 | H148: 57.810146
A149: Pakistan | B149: 18.867924 | C149: 30.660378 | D149: 6.6350713 | E149: 21.226416 | F149: 19.811321 | G149: 23.039215 | H149: 20.040054
A150: Palau | B150: 69.811317 | C150: 67.452827 | D150: 89.573463 | E150: 80.660378 | F150: 65.094337 | G150: 83.823532 | H150: 76.069309
A151: Panama | B151: 28.301888 | C151: 42.92453 | D151: 52.606636 | E151: 40.094341 | F151: 55.660378 | G151: 64.215683 | H151: 47.300576
A152: Papua New Guinea | B152: 27.35849 | C152: 22.169811 | D152: 27.014217 | E152: 29.716982 | F152: 27.830189 | G152: 47.058823 | H152: 30.191419
A153: Paraguay | B153: 16.037735 | C153: 34.433964 | D153: 49.289101 | E153: 28.773584 | F153: 50.471699 | G153: 48.529411 | H153: 37.922582
A154: Peru | B154: 25.471699 | C154: 33.018867 | D154: 24.170616 | E154: 30.188679 | F154: 60.377357 | G154: 49.509804 | H154: 37.122837
A155: Philippines | B155: 32.547169 | C155: 58.018867 | D155: 23.696682 | E155: 37.264153 | F155: 57.547169 | G155: 46.568626 | H155: 42.607111
A156: Poland | B156: 68.867928 | C156: 66.509438 | D156: 63.981041 | E156: 65.094337 | F156: 76.415092 | G156: 67.647057 | H156: 68.085815
A157: Portugal | B157: 74.056602 | C157: 80.188683 | D157: 70.616112 | E157: 83.490562 | F157: 75.471695 | G157: 88.235291 | H157: 78.676491
... A162: Rwanda | B162: 73.113205 | C162: 65.094337 | D162: 49.763035 | E162: 56.603775 | F162: 56.132076 | G162: 24.509804 | H162: 54.202705
A163: Réunion | B163: 70.754715 | C163: 73.113205 | D163: 48.341232 | E163: 75 | F163: 79.245285 | H163: 69.290887
A164: Samoa | B164: 75.943398 | C164: 68.867928 | D164: 90.521324 | E164: 79.71698 | F164: 42.92453 | G164: 80.882355 | H164: 73.142752
A165: San Marino | B165: 87.735847 | C165: 87.264153 | D165: 93.364929 | E165: 91.509438 | F165: 79.245285 | G165: 89.705879 | H165: 88.137589
A166: Saudi Arabia | B166: 66.509438 | C166: 78.773582 | D166: 39.810425 | E166: 62.735847 | F166: 68.867928 | G166: 8.8235292 | H166: 54.253458
A167: Senegal | B167: 56.603775 | C167: 54.245281 | D167: 41.232227 | E167: 42.92453 | F167: 39.150944 | G167: 51.960785 | H167: 47.686257
A168: Serbia | B168: 38.207546 | C168: 51.886791 | D168: 44.549763 | E168: 51.415092 | F168: 56.603775 | G168: 44.607841 | H168: 47.878468
A169: Seychelles | B169: 93.867928 | C169: 70.754715 | D169: 73.933647 | E169: 63.679245 | F169: 58.962265 | G169: 64.705879 | H169: 70.983946
A170: Sierra Leone | B170: 31.132076 | C170: 12.264151 | D170: 37.440758 | E170: 22.169811 | F170: 13.679245 | G170: 38.725491 | H170: 25.901922
A171: Singapore | B171: 98.113205 | C171: 100 | D171: 97.156395 | E171: 98.113205 | F171: 100 | G171: 43.627453 | H171: 89.50171
A172: Slovakia | B172: 61.320755 | C172: 58.962265 | D172: 64.454979 | E172: 68.867928 | F172: 71.226418 | G172: 76.470589 | H172: 66.883822
A173: Slovenia | B173: 77.35849 | C173: 81.132072 | D173: 75.829384 | E173: 82.547173 | F173: 75 | G173: 82.84314 | H173: 79.118376
A174: Solomon Islands | B174: 50.471699 | C174: 25 | D174: 60.663506 | E174: 43.396225 | F174: 21.698112 | G174: 57.843136 | H174: 43.17878
A175: Somalia | B175: 0.94339621 | C175: 1.8867924 | D175: 2.8436019 | E175: 0 | F175: 2.8301888 | G175: 4.4117646 | H175: 2.152624
... A210: Vietnam | B210: 38.679245 | C210: 56.132076 | D210: 45.023697 | E210: 50.471699 | F210: 38.207546 | G210: 15.196078 | H210: 40.61839
A211: Virgin Islands (U.S.) | B211: 53.301888 | C211: 73.113205 | D211: 63.033176 | E211: 81.603775 | F211: 89.622643 | H211: 72.134937
A212: West Bank and Gaza | B212: 26.415094 | C212: 10.377358 | D212: 7.109005 | E212: 25.943396 | F212: 41.981133 | G212: 18.137255 | H212: 21.66054
A213: Yemen, Rep. | B213: 1.8867924 | C213: 0.47169811 | D213: 0.94786727 | E213: 1.8867924 | F213: 3.3018868 | G213: 6.3725491 | H213: 2.477931
A214: Zambia | B214: 36.792454 | C214: 27.830189 | D214: 52.132702 | E214: 31.603773 | F214: 33.490566 | G214: 45.098038 | H214: 37.82462
...

Sheet Pollution
A1: Country | B1: Pollution_2025 | C1: Exp Pollution Index
A2: Cameroon | B2: 93.7 | C2: 169.8
A3: Myanmar | B3: 89.8 | C3: 162.2
A4: Lebanon | B4: 89.4 | C4: 159.8
A5: Nigeria | B5: 88.2 | C5: 157.5
A6: Mongolia | B6: 87.8 | C6: 160.4
A7: Ghana | B7: 87 | C7: 155.8
A8: Bangladesh | B8: 85.6 | C8: 153
A9: Afghanistan | B9: 84.4 | C9: 150.5
A10: Vietnam | B10: 84.2 | C10: 150.4
A11: Nepal | B11: 84.2 | C11: 149.6
A12: Egypt | B12: 82.7 | C12: 146.8
A13: Peru | B13: 82.5 | C13: 146.7
... A114: Finland | B114: 11.9 | C114: 19.9

Sheet Climate
A1: Country | B1: Climate_2025 | C1: Climate_2026 | D1: This is Christophs data from Georank. its Comfortable outdoor hours / year
A2: Venezuela | B2: 99.9
A3: Kenya | B3: 99.8
A4: Costa Rica | B4: 99.5
A5: Ecuador | B5: 98.7
A6: Colombia | B6: 98.4
A7: Argentina | B7: 98.3
A8: Uruguay | B8: 98
A9: Peru | B9: 97.7
A10: Malta | B10: 97.4
A11: Brazil | B11: 97.4
A12: Portugal | B12: 97.3
A13: New Zealand | B13: 95.5
... A89: Kuwait | B89: 20.2

Sheet English
A1: Country/Region | B1: Proficiency Band | C1: Score | D1: Source: https://www.ef.com/wwen/epi/
A2: Netherlands | B2: Very high proficiency | C2: 636 | D2: =IF(B2="Very high proficiency",100, IF(B2="High proficiency",80, IF(B2="Moderate proficiency",60, IF(B2="Low proficiency",40, IF(B2="Very low proficiency",20))))) -> 100 | F2: English_2024 | J2: Very high proficiency | K2: 100
A3: Norway | B3: Very high proficiency | C3: 610 | D3: =IF(B3="Very high proficiency",100, IF(B3="High proficiency",80, IF(B3="Moderate proficiency",60, IF(B3="Low proficiency",40, IF(B3="Very low proficiency",20))))) -> 100 | J3: High proficiency | K3: 80
A4: Singapore | B4: Very high proficiency | C4: 609 | D4: =IF(B4="Very high proficiency",100, IF(B4="High proficiency",80, IF(B4="Moderate proficiency",60, IF(B4="Low proficiency",40, IF(B4="Very low proficiency",20))))) -> 100 | J4: Moderate proficiency | K4: 60
A5: Sweden | B5: Very high proficiency | C5: 608 | D5: =IF(B5="Very high proficiency",100, IF(B5="High proficiency",80, IF(B5="Moderate proficiency",60, IF(B5="Low proficiency",40, IF(B5="Very low proficiency",20))))) -> 100 | J5: Low proficiency | K5: 40
A6: Croatia | B6: Very high proficiency | C6: 607 | D6: =IF(B6="Very high proficiency",100, IF(B6="High proficiency",80, IF(B6="Moderate proficiency",60, IF(B6="Low proficiency",40, IF(B6="Very low proficiency",20))))) -> 100 | J6: Very low proficiency | K6: 20
A7: Portugal | B7: Very high proficiency | C7: 605 | D7: =IF(B7="Very high proficiency",100, IF(B7="High proficiency",80, IF(B7="Moderate proficiency",60, IF(B7="Low proficiency",40, IF(B7="Very low proficiency",20))))) -> 100
A8: Denmark | B8: Very high proficiency | C8: 603 | D8: =IF(B8="Very high proficiency",100, IF(B8="High proficiency",80, IF(B8="Moderate proficiency",60, IF(B8="Low proficiency",40, IF(B8="Very low proficiency",20))))) -> 100
A9: Greece | B9: Very high proficiency | C9: 602 | D9: =IF(B9="Very high proficiency",100, IF(B9="High proficiency",80, IF(B9="Moderate proficiency",60, IF(B9="Low proficiency",40, IF(B9="Very low proficiency",20))))) -> 100
A10: Austria | B10: Very high proficiency | C10: 600 | D10: =IF(B10="Very high proficiency",100, IF(B10="High proficiency",80, IF(B10="Moderate proficiency",60, IF(B10="Low proficiency",40, IF(B10="Very low proficiency",20))))) -> 100
A11: Germany | B11: High Proficiency | C11: 598 | D11: =IF(B11="Very high proficiency",100, IF(B11="High proficiency",80, IF(B11="Moderate proficiency",60, IF(B11="Low proficiency",40, IF(B11="Very low proficiency",20))))) -> 80
A12: South Africa | B12: High Proficiency | C12: 594 | D12: =IF(B12="Very high proficiency",100, IF(B12="High proficiency",80, IF(B12="Moderate proficiency",60, IF(B12="Low proficiency",40, IF(B12="Very low proficiency",20))))) -> 80
A13: Romania | B13: High proficiency | C13: 593 | D13: =IF(B13="Very high proficiency",100, IF(B13="High proficiency",80, IF(B13="Moderate proficiency",60, IF(B13="Low proficiency",40, IF(B13="Very low proficiency",20))))) -> 80
A14: Belgium | B14: High Proficiency | C14: 592 | D14: =IF(B14="Very high proficiency",100, IF(B14="High proficiency",80, IF(B14="Moderate proficiency",60, IF(B14="Low proficiency",40, IF(B14="Very low proficiency",20))))) -> 80
A15: Finland | B15: High proficiency | C15: 590 | D15: =IF(B15="Very high proficiency",100, IF(B15="High proficiency",80, IF(B15="Moderate proficiency",60, IF(B15="Low proficiency",40, IF(B15="Very low proficiency",20))))) -> 80
A16: Poland | B16: High proficiency | C16: 588 | D16: =IF(B16="Very high proficiency",100, IF(B16="High proficiency",80, IF(B16="Moderate proficiency",60, IF(B16="Low proficiency",40, IF(B16="Very low proficiency",20))))) -> 80
A17: Bulgaria | B17: High proficiency | C17: 586 | D17: =IF(B17="Very high proficiency",100, IF(B17="High proficiency",80, IF(B17="Moderate proficiency",60, IF(B17="Low proficiency",40, IF(B17="Very low proficiency",20))))) -> 80
A18: Hungary | B18: High proficiency | C18: 585 | D18: =IF(B18="Very high proficiency",100, IF(B18="High proficiency",80, IF(B18="Moderate proficiency",60, IF(B18="Low proficiency",40, IF(B18="Very low proficiency",20))))) -> 80
... A117: Yemen | B117: Very low proficiency | C117: 394 | D117: =IF(B117="Very high proficiency",100, IF(B117="High proficiency",80, IF(B117="Moderate proficiency",60, IF(B117="Low proficiency",40, IF(B117="Very low proficiency",20))))) -> 20

Sheet Openness
A1: Ease of settling in | B1: Openness_2024 | C1: Source https://www.internations.org/expat-insider/2024/ease-of-settling-in-index-40452#methodology
A2: Costa Rica | B2: 1 | C2: This is made up of 3 sub indexes: welcome & culture, Local friendliness, and finding friends
A3: Mexico | B3: 2
A4: Philippines | B4: 3
A5: Indonesia | B5: 4
A6: Brazil | B6: 5
A7: Thailand | B7: 6
A8: Panama | B8: 7
A9: Colombia | B9: 8
A10: Kenya | B10: 9
A11: Greece | B11: 10
A12: Spain | B12: 11
A13: Oman | B13: 12
A14: Vietnam | B14: 13
... A54: Kuwait | B54: 53

Sheet Scenic
A1: Country | B1: Rank | C1: source https://www.usnews.com/news/best-countries/rankings/scenic?utm_source=chatgpt.com
A2: Greece | B2: 1 | C2: 2024 data
A3: New Zealand | B3: 2
A4: Italy | B4: 3
A5: Switzerland | B5: 4
A6: Spain | B6: 5
A7: Thailand | B7: 6
A8: Norway | B8: 7
A9: Iceland | B9: 8
A10: Australia | B10: 9
A11: Austria | B11: 10
A12: Ireland | B12: 11
A13: Brazil | B13: 12
A14: Portugal | B14: 13
... A90: Iran | B90: 89

Sheet Disaster
A1: WRI.Country | B1: ISO3.Code | C1: W | D1: E | E1: V | F1: S | G1: C | H1: A | I1: Source | J1: https://reliefweb.int/report/world/worldriskreport-2024-focus-multiple-crises?utm_source=chatgpt.com
A2: Philippines | B2: PHL | C2: 46.91 | D2: 39.99 | E2: 55.03 | F2: 51.16 | G2: 58.07 | H2: 56.1 | J2: Disaster_2024
A3: Indonesia | B3: IDN | C3: 41.13 | D3: 39.89 | E3: 42.4 | F3: 32.37 | G3: 51.01 | H3: 46.17
A4: India | B4: IND | C4: 40.96 | D4: 35.99 | E4: 46.62 | F4: 37.15 | G4: 54.01 | H4: 50.49
A5: Colombia | B5: COL | C5: 37.81 | D5: 31.54 | E5: 45.33 | F5: 39.3 | G5: 49.28 | H5: 48.1
A6: Mexico | B6: MEX | C6: 35.93 | D6: 50.08 | E6: 25.78 | F6: 30.03 | G6: 11.97 | H6: 47.68
A7: Myanmar | B7: MMR | C7: 35.85 | D7: 22.43 | E7: 57.31 | F7: 51.43 | G7: 58.75 | H7: 62.29
A8: Mozambique | B8: MOZ | C8: 34.44 | D8: 18.1 | E8: 65.53 | F8: 65.79 | G8: 63.13 | H8: 67.75
A9: Russia | B9: RUS | C9: 28.12 | D9: 28.35 | E9: 27.89 | F9: 15.31 | G9: 40.03 | H9: 35.38
A10: Bangladesh | B10: BGD | C10: 27.73 | D10: 16.57 | E10: 46.39 | F10: 35.5 | G10: 57.92 | H10: 48.54
A11: Pakistan | B11: PAK | C11: 27.02 | D11: 13.11 | E11: 55.69 | F11: 42.64 | G11: 63.1 | H11: 64.18
A12: Peru | B12: PER | C12: 27.01 | D12: 16.65 | E12: 43.82 | F12: 36.32 | G12: 46.06 | H12: 50.3
A13: Papua New Guinea | B13: PNG | C13: 26.35 | D13: 18.84 | E13: 36.84 | F13: 57.46 | G13: 13.59 | H13: 64.04
A14: Madagascar | B14: MDG | C14: 24.8 | D14: 18.38 | E14: 33.47 | F14: 34.35 | G14: 15.27 | H14: 71.49
... A194: Monaco | B194: MCO | C194: 0.18 | D194: 0.02 | E194: 1.57 | F194: 1.68 | G194: 0.44 | H194: 5.25

Sheet CGT
A1: Country | B1: CGT | C1: Providing headline number | D1: https://taxsummaries.pwc.com/quick-charts/capital-gains-tax-cgt-rates
A2: Switzerland | B2: 0
A3: Luxembourg
A4: United States
A5: Singapore
A6: Iceland
A7: Denmark
A8: Australia
A9: Hong Kong (China)
A10: Netherlands
A11: Norway
A12: United Kingdom
A13: United Arab Emirates
A14: New Zealand
... A107: Nigeria

Sheet Sheet1
A1: Country | B1: Col_2025 | C1: Sal_2025
A2: Us Virgin Islands | B2: 75.4 | C2: =VLOOKUP(A2, Country!A:B, 2, FALSE) -> #N/A
A3: Switzerland | B3: 74.8 | C3: =VLOOKUP(A3, Country!A:B, 2, FALSE) -> 6862.91
A4: Singapore | B4: 73.7 | C4: =VLOOKUP(A4, Country!A:B, 2, FALSE) -> 4106.34
A5: Bahamas | B5: 66.1 | C5: =VLOOKUP(A5, Country!A:B, 2, FALSE) -> #N/A
A6: Iceland | B6: 65.9 | C6: =VLOOKUP(A6, Country!A:B, 2, FALSE) -> 4076.16
A7: Hong Kong (China) | B7: 65.7 | C7: =VLOOKUP(A7, Country!A:B, 2, FALSE) -> 3852.5
A8: Guernsey | B8: 57.1 | C8: =VLOOKUP(A8, Country!A:B, 2, FALSE) -> #N/A
A9: Luxembourg | B9: 54.8 | C9: =VLOOKUP(A9, Country!A:B, 2, FALSE) -> 5379.43
A10: United States | B10: 54.3 | C10: =VLOOKUP(A10, Country!A:B, 2, FALSE) -> 4269.48
A11: Papua New Guinea | B11: 53.7 | C11: =VLOOKUP(A11, Country!A:B, 2, FALSE) -> #N/A
A12: Ireland | B12: 50.6 | C12: =VLOOKUP(A12, Country!A:B, 2, FALSE) -> 3441.52
A13: Norway | B13: 49.4 | C13: =VLOOKUP(A13, Country!A:B, 2, FALSE) -> 3645.41
... A140: Pakistan | B140: 11.2 | C140: =VLOOKUP(A140, Country!A:B, 2, FALSE) -> 181.6

Sheet Sheet2
A1: Country | B1: Sal | C1: Col_2025 | D1: % Sal Germ | E1: % Sal Col
A2: Switzerland | B2: 6862.91 | C2: =VLOOKUP(A2, Sheet1!A:B, 2, FALSE) -> 74.8 | D2: =(B2-B$18)*100/B$18 -> 108.78439 | E2: =(C2-C$18)*100/C$18 -> 76.415094
A3: Luxembourg | B3: 5379.43 | C3: =VLOOKUP(A3, Sheet1!A:B, 2, FALSE) -> 54.8 | D3: =(B3-B$18)*100/B$18 -> 63.65376 | E3: =(C3-C$18)*100/C$18 -> 29.245283
A4: United States | B4: 4269.48 | C4: =VLOOKUP(A4, Sheet1!A:B, 2, FALSE) -> 54.3 | D4: =(B4-B$18)*100/B$18 -> 29.886708 | E4: =(C4-C$18)*100/C$18 -> 28.066038
A5: Singapore | B5: 4106.34 | C5: =VLOOKUP(A5, Sheet1!A:B, 2, FALSE) -> 73.7 | D5: =(B5-B$18)*100/B$18 -> 24.92364 | E5: =(C5-C$18)*100/C$18 -> 73.820755
A6: Iceland | B6: 4076.16 | C6: =VLOOKUP(A6, Sheet1!A:B, 2, FALSE) -> 65.9 | D6: =(B6-B$18)*100/B$18 -> 24.0055 | E6: =(C6-C$18)*100/C$18 -> 55.424528
A7: Denmark | B7: 4005.27 | C7: =VLOOKUP(A7, Sheet1!A:B, 2, FALSE) -> 48.6 | D7: =(B7-B$18)*100/B$18 -> 21.848875 | E7: =(C7-C$18)*100/C$18 -> 14.622642
A8: Australia | B8: 3945.23 | C8: =VLOOKUP(A8, Sheet1!A:B, 2, FALSE) -> 47.1 | D8: =(B8-B$18)*100/B$18 -> 20.02233 | E8: =(C8-C$18)*100/C$18 -> 11.084906
A9: Hong Kong (China) | B9: 3852.5 | C9: =VLOOKUP(A9, Sheet1!A:B, 2, FALSE) -> 65.7 | D9: =(B9-B$18)*100/B$18 -> 17.201285 | E9: =(C9-C$18)*100/C$18 -> 54.95283
A10: Netherlands | B10: 3829.17 | C10: =VLOOKUP(A10, Sheet1!A:B, 2, FALSE) -> 47.9 | D10: =(B10-B$18)*100/B$18 -> 16.491537 | E10: =(C10-C$18)*100/C$18 -> 12.971698
A11: Norway | B11: 3645.41 | C11: =VLOOKUP(A11, Sheet1!A:B, 2, FALSE) -> 49.4 | D11: =(B11-B$18)*100/B$18 -> 10.901165 | E11: =(C11-C$18)*100/C$18 -> 16.509434
A12: United Kingdom | B12: 3572.87 | C12: =VLOOKUP(A12, Sheet1!A:B, 2, FALSE) -> 46.3 | D12: =(B12-B$18)*100/B$18 -> 8.6943427 | E12: =(C12-C$18)*100/C$18 -> 9.1981132
A13: United Arab Emirates | B13: 3520.47 | C13: =VLOOKUP(A13, Sheet1!A:B, 2, FALSE) -> 47.8 | D13: =(B13-B$18)*100/B$18 -> 7.1002227 | E13: =(C13-C$18)*100/C$18 -> 12.735849
... A107: Nigeria | B107: 122.75 | C107: =VLOOKUP(A107, Sheet1!A:B, 2, FALSE) -> 24.4 | D107: =(B107-B$18)*100/B$18 -> -96.265683 | E107: =(C107-C$18)*100/C$18 -> -42.45283
